trade_date,ts_code,OPEN,CLOSE,VOLUME
2014-01-02,000300.SH,2323.43,2321.98,45194300.0
2014-01-03,000300.SH,2311.97,2290.78,59782600.0
2014-01-06,000300.SH,2286.37,2238.64,66300400.0
2014-01-07,000300.SH,2222.31,2238.0,43753100.0
2014-01-08,000300.SH,2240.64,2241.91,51348900.0
2014-01-09,000300.SH,2236.97,2222.22,55987000.0
2014-01-10,000300.SH,2216.52,2204.85,54169300.0
2014-01-13,000300.SH,2207.0,2193.68,50122800.0
2014-01-14,000300.SH,2192.84,2212.85,54049900.0
2014-01-15,000300.SH,2210.02,2208.94,48962400.0
2014-01-16,000300.SH,2209.45,2211.84,52298900.0
2014-01-17,000300.SH,2203.82,2178.49,50273200.0
2014-01-20,000300.SH,2173.65,2165.99,40560200.0
2014-01-21,000300.SH,2168.42,2187.41,40306200.0
2014-01-22,000300.SH,2190.43,2243.8,70641400.0
2014-01-23,000300.SH,2242.25,2231.89,56346000.0
2014-01-24,000300.SH,2225.76,2245.68,61167700.0
2014-01-27,000300.SH,2233.01,2215.92,70344200.0
2014-01-28,000300.SH,2220.78,2219.85,53269100.0
2014-01-29,000300.SH,2225.71,2227.78,50222700.0
2014-01-30,000300.SH,2223.16,2202.45,43632300.0
2014-02-07,000300.SH,2187.34,2212.48,50459300.0
2014-02-10,000300.SH,2221.54,2267.53,83065700.0
2014-02-11,000300.SH,2267.74,2285.56,99229800.0
2014-02-12,000300.SH,2286.19,2291.25,76592200.0
2014-02-13,000300.SH,2288.45,2279.55,96217800.0
2014-02-14,000300.SH,2278.4,2295.57,67083000.0
2014-02-17,000300.SH,2308.79,2311.65,87831700.0
2014-02-18,000300.SH,2310.31,2282.44,87049700.0
2014-02-19,000300.SH,2280.93,2308.66,99352600.0
2014-02-20,000300.SH,2314.09,2287.44,106440000.0
2014-02-21,000300.SH,2284.03,2264.29,76369000.0
2014-02-24,000300.SH,2246.72,2214.51,89215900.0
2014-02-25,000300.SH,2216.51,2157.91,93237600.0
2014-02-26,000300.SH,2147.74,2163.41,77993300.0
2014-02-27,000300.SH,2170.81,2154.11,90104300.0
2014-02-28,000300.SH,2149.45,2178.97,76668100.0
2014-03-03,000300.SH,2173.91,2190.37,82072300.0
2014-03-04,000300.SH,2183.86,2184.27,73069200.0
2014-03-05,000300.SH,2187.35,2163.98,61332000.0
2014-03-06,000300.SH,2159.4,2173.63,69093800.0
2014-03-07,000300.SH,2170.04,2168.36,64265200.0
2014-03-10,000300.SH,2149.68,2097.79,71416400.0
2014-03-11,000300.SH,2092.61,2108.66,57621200.0
2014-03-12,000300.SH,2102.8,2114.13,70069700.0
2014-03-13,000300.SH,2119.55,2140.33,69226000.0
2014-03-14,000300.SH,2129.87,2122.84,58617700.0
2014-03-17,000300.SH,2132.79,2143.04,52409400.0
2014-03-18,000300.SH,2146.12,2138.13,55354100.0
2014-03-19,000300.SH,2131.28,2120.87,59303900.0
2014-03-20,000300.SH,2116.19,2086.97,67631300.0
2014-03-21,000300.SH,2079.87,2158.8,104025000.0
2014-03-24,000300.SH,2161.9,2176.55,104492000.0
2014-03-25,000300.SH,2170.78,2174.44,86877500.0
2014-03-26,000300.SH,2181.23,2171.05,58276200.0
2014-03-27,000300.SH,2168.34,2155.71,71275100.0
2014-03-28,000300.SH,2154.51,2151.97,70086100.0
2014-03-31,000300.SH,2156.05,2146.3,55457500.0
2014-04-01,000300.SH,2143.72,2163.11,48866400.0
2014-04-02,000300.SH,2166.07,2180.73,65039300.0
2014-04-03,000300.SH,2188.64,2165.01,71536000.0
2014-04-04,000300.SH,2157.98,2185.47,47945900.0
2014-04-08,000300.SH,2179.92,2237.32,97219100.0
2014-04-09,000300.SH,2239.79,2238.62,66357300.0
2014-04-10,000300.SH,2241.45,2273.76,114545000.0
2014-04-11,000300.SH,2269.56,2270.67,90615900.0
2014-04-14,000300.SH,2267.94,2268.61,62265000.0
2014-04-15,000300.SH,2261.41,2229.46,68218100.0
2014-04-16,000300.SH,2223.47,2232.53,51678000.0
2014-04-17,000300.SH,2238.78,2224.8,48333600.0
2014-04-18,000300.SH,2215.88,2224.48,50758000.0
2014-04-21,000300.SH,2209.94,2187.25,56278300.0
2014-04-22,000300.SH,2184.02,2196.79,57094700.0
2014-04-23,000300.SH,2191.23,2194.67,47763500.0
2014-04-24,000300.SH,2192.77,2190.47,45058900.0
2014-04-25,000300.SH,2195.81,2167.83,60245400.0
2014-04-28,000300.SH,2165.77,2134.97,60485200.0
2014-04-29,000300.SH,2134.41,2158.47,48204900.0
2014-04-30,000300.SH,2158.76,2158.66,45334600.0
2014-05-05,000300.SH,2152.59,2156.47,49344100.0
2014-05-06,000300.SH,2151.39,2157.33,48086500.0
2014-05-07,000300.SH,2151.47,2137.32,44607500.0
2014-05-08,000300.SH,2132.04,2135.5,48332500.0
2014-05-09,000300.SH,2138.84,2133.91,49181100.0
2014-05-12,000300.SH,2150.31,2180.05,83472600.0
2014-05-13,000300.SH,2180.06,2174.85,64912500.0
2014-05-14,000300.SH,2175.09,2172.37,48514200.0
2014-05-15,000300.SH,2169.28,2144.08,46734000.0
2014-05-16,000300.SH,2143.93,2145.95,42253200.0
2014-05-19,000300.SH,2139.36,2115.14,42893600.0
2014-05-20,000300.SH,2124.71,2115.77,37299700.0
2014-05-21,000300.SH,2106.76,2135.91,38946000.0
2014-05-22,000300.SH,2134.09,2130.87,46252700.0
2014-05-23,000300.SH,2130.77,2148.41,37623100.0
2014-05-26,000300.SH,2161.89,2155.98,39550700.0
2014-05-27,000300.SH,2154.4,2147.28,35897200.0
2014-05-28,000300.SH,2147.47,2169.35,50056300.0
2014-05-29,000300.SH,2171.26,2155.16,44891600.0
2014-05-30,000300.SH,2156.38,2156.46,43923900.0
2014-06-03,000300.SH,2157.64,2149.92,41983000.0
2014-06-04,000300.SH,2149.41,2128.27,41817200.0
2014-06-05,000300.SH,2126.61,2150.6,36477400.0
2014-06-06,000300.SH,2149.21,2134.72,35738100.0
2014-06-09,000300.SH,2128.23,2134.28,39311100.0
2014-06-10,000300.SH,2138.67,2161.27,50507900.0
2014-06-11,000300.SH,2156.15,2160.77,42563700.0
2014-06-12,000300.SH,2156.76,2153.41,43025800.0
2014-06-13,000300.SH,2150.99,2176.24,59252900.0
2014-06-16,000300.SH,2176.44,2191.85,63296900.0
2014-06-17,000300.SH,2185.68,2169.67,49933700.0
2014-06-18,000300.SH,2169.25,2160.24,49463900.0
2014-06-19,000300.SH,2161.43,2126.91,53162600.0
2014-06-20,000300.SH,2124.96,2136.73,42393700.0
2014-06-23,000300.SH,2137.93,2134.11,41179300.0
2014-06-24,000300.SH,2131.69,2144.82,40164400.0
2014-06-25,000300.SH,2141.73,2133.37,37666100.0
2014-06-26,000300.SH,2135.16,2149.08,44351200.0
2014-06-27,000300.SH,2146.37,2150.26,52722900.0
2014-06-30,000300.SH,2152.31,2165.12,54304200.0
2014-07-01,000300.SH,2169.2,2164.56,53323100.0
2014-07-02,000300.SH,2164.0,2170.87,59685500.0
2014-07-03,000300.SH,2169.0,2180.19,63690700.0
2014-07-04,000300.SH,2180.45,2178.7,52851100.0
2014-07-07,000300.SH,2178.55,2176.29,50242300.0
2014-07-08,000300.SH,2174.83,2180.47,50743600.0
2014-07-09,000300.SH,2178.14,2148.71,62022000.0
2014-07-10,000300.SH,2146.6,2142.85,55732500.0
2014-07-11,000300.SH,2136.32,2148.01,61374300.0
2014-07-14,000300.SH,2149.54,2171.76,66158900.0
2014-07-15,000300.SH,2170.09,2174.98,71815700.0
2014-07-16,000300.SH,2172.82,2170.87,81560200.0
2014-07-17,000300.SH,2166.83,2157.07,59453600.0
2014-07-18,000300.SH,2147.66,2164.14,65473300.0
2014-07-21,000300.SH,2164.22,2166.29,54172300.0
2014-07-22,000300.SH,2162.44,2192.7,78542600.0
2014-07-23,000300.SH,2191.39,2197.83,84213900.0
2014-07-24,000300.SH,2199.83,2237.01,119436000.0
2014-07-25,000300.SH,2243.07,2260.45,98972800.0
2014-07-28,000300.SH,2272.38,2323.9,179869000.0
2014-07-29,000300.SH,2326.04,2331.37,134270000.0
2014-07-30,000300.SH,2324.69,2322.01,123023000.0
2014-07-31,000300.SH,2321.97,2350.25,110988000.0
2014-08-01,000300.SH,2341.23,2329.4,126317000.0
2014-08-04,000300.SH,2336.63,2375.62,116714000.0
2014-08-05,000300.SH,2376.8,2369.35,111862000.0
2014-08-06,000300.SH,2358.21,2363.22,116342000.0
2014-08-07,000300.SH,2363.61,2327.46,116729000.0
2014-08-08,000300.SH,2329.18,2331.13,86739700.0
2014-08-11,000300.SH,2338.01,2365.35,91601200.0
2014-08-12,000300.SH,2361.17,2357.05,91822600.0
2014-08-13,000300.SH,2358.46,2358.9,110448000.0
2014-08-14,000300.SH,2357.2,2335.95,97969500.0
2014-08-15,000300.SH,2337.99,2360.64,93592500.0
2014-08-18,000300.SH,2366.27,2374.56,104510000.0
2014-08-19,000300.SH,2378.89,2374.77,115850000.0
2014-08-20,000300.SH,2371.65,2366.14,101288000.0
2014-08-21,000300.SH,2365.73,2354.24,100690000.0
2014-08-22,000300.SH,2352.32,2365.36,89823900.0
2014-08-25,000300.SH,2367.02,2342.86,97373700.0
2014-08-26,000300.SH,2339.6,2324.09,93844200.0
2014-08-27,000300.SH,2323.79,2327.59,67676200.0
2014-08-28,000300.SH,2328.06,2311.28,70490700.0
2014-08-29,000300.SH,2317.3,2338.29,63211400.0
2014-09-01,000300.SH,2340.93,2355.32,77320900.0
2014-09-02,000300.SH,2359.86,2386.46,114437000.0
2014-09-03,000300.SH,2389.69,2408.84,129734000.0
2014-09-04,000300.SH,2411.93,2426.22,111272000.0
2014-09-05,000300.SH,2433.17,2449.26,133552000.0
2014-09-09,000300.SH,2452.23,2445.22,118194000.0
2014-09-10,000300.SH,2435.59,2432.43,109176000.0
2014-09-11,000300.SH,2430.68,2423.45,132983000.0
2014-09-12,000300.SH,2418.75,2438.36,109160000.0
2014-09-15,000300.SH,2433.0,2437.19,122247000.0
2014-09-16,000300.SH,2440.34,2388.76,186743000.0
2014-09-17,000300.SH,2395.36,2401.33,125269000.0
2014-09-18,000300.SH,2396.38,2408.66,115926000.0
2014-09-19,000300.SH,2409.31,2425.21,101814000.0
2014-09-22,000300.SH,2419.33,2378.92,102241000.0
2014-09-23,000300.SH,2379.52,2399.46,84033300.0
2014-09-24,000300.SH,2391.42,2441.86,142714000.0
2014-09-25,000300.SH,2453.42,2436.97,138662000.0
2014-09-26,000300.SH,2430.81,2437.2,100299000.0
2014-09-29,000300.SH,2443.91,2447.8,123402000.0
2014-09-30,000300.SH,2452.17,2450.99,115804000.0
2014-10-08,000300.SH,2460.87,2478.38,121954000.0
2014-10-09,000300.SH,2480.2,2481.96,137924000.0
2014-10-10,000300.SH,2472.1,2466.79,147634000.0
2014-10-13,000300.SH,2457.41,2454.95,131593000.0
2014-10-14,000300.SH,2451.09,2446.56,127394000.0
2014-10-15,000300.SH,2444.54,2463.87,135802000.0
2014-10-16,000300.SH,2448.97,2444.4,158167000.0
2014-10-17,000300.SH,2443.22,2441.73,132760000.0
2014-10-20,000300.SH,2448.45,2454.71,91435400.0
2014-10-21,000300.SH,2453.41,2433.39,96241900.0
2014-10-22,000300.SH,2434.89,2418.64,88656200.0
2014-10-23,000300.SH,2415.44,2395.94,103492000.0
2014-10-24,000300.SH,2397.85,2390.71,74974900.0
2014-10-27,000300.SH,2377.54,2368.83,73862400.0
2014-10-28,000300.SH,2373.16,2416.65,101523000.0
2014-10-29,000300.SH,2423.81,2451.38,158584000.0
2014-10-30,000300.SH,2450.36,2468.93,189626000.0
2014-10-31,000300.SH,2473.5,2508.32,239172000.0
2014-11-03,000300.SH,2515.82,2512.55,205801000.0
2014-11-04,000300.SH,2511.04,2513.17,218247000.0
2014-11-05,000300.SH,2516.87,2503.45,190492000.0
2014-11-06,000300.SH,2505.17,2506.07,149651000.0
2014-11-07,000300.SH,2508.76,2502.15,208761000.0
2014-11-10,000300.SH,2529.83,2565.73,226600000.0
2014-11-11,000300.SH,2578.44,2558.61,323712000.0
2014-11-12,000300.SH,2545.4,2594.32,184686000.0
2014-11-13,000300.SH,2597.39,2579.75,219816000.0
2014-11-14,000300.SH,2569.21,2581.09,165050000.0
2014-11-17,000300.SH,2613.51,2567.1,158478000.0
2014-11-18,000300.SH,2565.27,2541.42,142941000.0
2014-11-19,000300.SH,2538.23,2537.22,122147000.0
2014-11-20,000300.SH,2528.78,2537.1,106150000.0
2014-11-21,000300.SH,2537.54,2583.46,151028000.0
2014-11-24,000300.SH,2614.16,2649.26,279840000.0
2014-11-25,000300.SH,2650.08,2685.56,222612000.0
2014-11-26,000300.SH,2695.26,2723.02,243962000.0
2014-11-27,000300.SH,2737.03,2754.49,265465000.0
2014-11-28,000300.SH,2753.93,2808.82,375324000.0
2014-12-01,000300.SH,2825.61,2819.81,365487000.0
2014-12-02,000300.SH,2807.34,2923.94,361465000.0
2014-12-03,000300.SH,2936.12,2967.55,466157000.0
2014-12-04,000300.SH,2975.4,3104.35,426813000.0
2014-12-05,000300.SH,3143.97,3124.89,524881000.0
2014-12-08,000300.SH,3108.27,3252.88,484462000.0
2014-12-09,000300.SH,3233.1,3106.91,632875000.0
2014-12-10,000300.SH,3120.21,3221.55,425019000.0
2014-12-11,000300.SH,3185.16,3183.01,367092000.0
2014-12-12,000300.SH,3182.92,3193.23,301065000.0
2014-12-15,000300.SH,3176.83,3217.23,290194000.0
2014-12-16,000300.SH,3221.36,3303.4,358124000.0
2014-12-17,000300.SH,3325.82,3360.6,448141000.0
2014-12-18,000300.SH,3359.09,3345.93,355970000.0
2014-12-19,000300.SH,3345.63,3383.17,411212000.0
2014-12-22,000300.SH,3396.25,3394.48,549802000.0
2014-12-23,000300.SH,3358.8,3324.92,369736000.0
2014-12-24,000300.SH,3332.15,3230.39,317450000.0
2014-12-25,000300.SH,3254.48,3335.42,309800000.0
2014-12-26,000300.SH,3343.64,3445.84,384614000.0
2014-12-29,000300.SH,3502.18,3455.46,425015000.0
2014-12-30,000300.SH,3450.81,3457.55,328234000.0
2014-12-31,000300.SH,3462.39,3533.71,345935000.0
2015-01-05,000300.SH,3566.09,3641.54,451198000.0
2015-01-06,000300.SH,3608.43,3641.06,420962000.0
2015-01-07,000300.SH,3620.92,3643.79,320191000.0
2015-01-08,000300.SH,3650.07,3559.26,295003000.0
2015-01-09,000300.SH,3547.57,3546.72,349983000.0
2015-01-12,000300.SH,3531.51,3513.58,266567000.0
2015-01-13,000300.SH,3506.45,3514.04,187154000.0
2015-01-14,000300.SH,3522.91,3502.42,196013000.0
2015-01-15,000300.SH,3501.72,3604.12,237812000.0
2015-01-16,000300.SH,3616.25,3635.15,282682000.0
2015-01-19,000300.SH,3414.01,3355.16,329505000.0
2015-01-20,000300.SH,3336.79,3396.22,297843000.0
2015-01-21,000300.SH,3420.49,3548.89,337928000.0
2015-01-22,000300.SH,3551.05,3567.61,268854000.0
2015-01-23,000300.SH,3582.09,3571.73,280172000.0
2015-01-26,000300.SH,3580.12,3607.99,239766000.0
2015-01-27,000300.SH,3614.04,3574.93,287669000.0
2015-01-28,000300.SH,3547.24,3525.32,216220000.0
2015-01-29,000300.SH,3474.92,3481.8,211619000.0
2015-01-30,000300.SH,3496.89,3434.39,196479000.0
2015-02-02,000300.SH,3360.19,3353.96,195184000.0
2015-02-03,000300.SH,3388.6,3437.45,192846000.0
2015-02-04,000300.SH,3446.14,3401.77,191304000.0
2015-02-05,000300.SH,3487.95,3366.95,250431000.0
2015-02-06,000300.SH,3352.33,3312.42,192664000.0
2015-02-09,000300.SH,3305.73,3345.92,172354000.0
2015-02-10,000300.SH,3345.08,3406.94,159309000.0
2015-02-11,000300.SH,3415.98,3434.12,144614000.0
2015-02-12,000300.SH,3435.36,3442.87,156082000.0
2015-02-13,000300.SH,3458.83,3469.83,201090000.0
2015-02-16,000300.SH,3473.29,3499.48,165641000.0
2015-02-17,000300.SH,3511.54,3522.32,165328000.0
2015-02-25,000300.SH,3529.55,3478.73,165539000.0
2015-02-26,000300.SH,3473.71,3566.29,229328000.0
2015-02-27,000300.SH,3565.23,3572.84,222786000.0
2015-03-02,000300.SH,3603.45,3601.26,248176000.0
2015-03-03,000300.SH,3579.31,3507.9,261866000.0
2015-03-04,000300.SH,3514.67,3530.82,199664000.0
2015-03-05,000300.SH,3513.25,3496.34,217509000.0
2015-03-06,000300.SH,3501.18,3478.52,181518000.0
2015-03-09,000300.SH,3449.7,3537.75,233940000.0
2015-03-10,000300.SH,3523.64,3520.61,194268000.0
2015-03-11,000300.SH,3524.57,3524.65,188948000.0
2015-03-12,000300.SH,3557.69,3592.84,265665000.0
2015-03-13,000300.SH,3604.67,3617.66,246865000.0
2015-03-16,000300.SH,3641.77,3705.67,275438000.0
2015-03-17,000300.SH,3733.96,3757.12,371626000.0
2015-03-18,000300.SH,3769.09,3846.05,415190000.0
2015-03-19,000300.SH,3851.25,3839.74,391548000.0
2015-03-20,000300.SH,3852.49,3892.57,401818000.0
2015-03-23,000300.SH,3923.08,3972.06,391120000.0
2015-03-24,000300.SH,3980.07,3973.05,468581000.0
2015-03-25,000300.SH,3961.58,3940.41,379969000.0
2015-03-26,000300.SH,3921.75,3950.0,346756000.0
2015-03-27,000300.SH,3957.54,3971.7,298756000.0
2015-03-30,000300.SH,3999.02,4088.18,428297000.0
2015-03-31,000300.SH,4138.88,4051.2,436066000.0
2015-04-01,000300.SH,4057.5,4123.9,329513000.0
2015-04-02,000300.SH,4149.95,4124.78,339070000.0
2015-04-03,000300.SH,4104.67,4170.54,321304000.0
2015-04-07,000300.SH,4213.89,4260.04,415363000.0
2015-04-08,000300.SH,4277.45,4295.8,458677000.0
2015-04-09,000300.SH,4316.96,4262.14,439700000.0
2015-04-10,000300.SH,4249.38,4344.42,348190000.0
2015-04-13,000300.SH,4394.05,4421.07,434153000.0
2015-04-14,000300.SH,4432.13,4438.18,434432000.0
2015-04-15,000300.SH,4439.31,4380.51,472154000.0
2015-04-16,000300.SH,4355.49,4513.55,422604000.0
2015-04-17,000300.SH,4578.68,4596.14,552803000.0
2015-04-20,000300.SH,4615.03,4521.92,686439000.0
2015-04-21,000300.SH,4520.46,4619.16,490315000.0
2015-04-22,000300.SH,4637.06,4739.81,516214000.0
2015-04-23,000300.SH,4764.48,4740.89,497431000.0
2015-04-24,000300.SH,4682.63,4702.64,480153000.0
2015-04-27,000300.SH,4753.87,4807.59,513077000.0
2015-04-28,000300.SH,4811.32,4741.86,608639000.0
2015-04-29,000300.SH,4722.9,4774.33,395057000.0
2015-04-30,000300.SH,4788.41,4749.89,399727000.0
2015-05-04,000300.SH,4757.64,4787.74,377844000.0
2015-05-05,000300.SH,4785.19,4596.84,460420000.0
2015-05-06,000300.SH,4626.23,4553.33,376074000.0
2015-05-07,000300.SH,4520.82,4470.09,297759000.0
2015-05-08,000300.SH,4515.55,4558.4,302408000.0
2015-05-11,000300.SH,4582.09,4690.53,373838000.0
2015-05-12,000300.SH,4692.12,4747.42,377054000.0
2015-05-13,000300.SH,4746.71,4718.44,370730000.0
2015-05-14,000300.SH,4717.96,4700.78,337725000.0
2015-05-15,000300.SH,4690.75,4617.47,328431000.0
2015-05-18,000300.SH,4582.06,4575.14,269180000.0
2015-05-19,000300.SH,4577.64,4731.22,314786000.0
2015-05-20,000300.SH,4751.57,4754.92,363181000.0
2015-05-21,000300.SH,4768.69,4840.98,305055000.0
2015-05-22,000300.SH,4895.92,4951.33,455847000.0
2015-05-25,000300.SH,4949.11,5099.5,465737000.0
2015-05-26,000300.SH,5140.8,5198.92,487949000.0
2015-05-27,000300.SH,5216.17,5181.43,470799000.0
2015-05-28,000300.SH,5174.1,4834.01,571829000.0
2015-05-29,000300.SH,4839.53,4840.83,427879000.0
2015-06-01,000300.SH,4862.76,5076.18,417504000.0
2015-06-02,000300.SH,5091.27,5161.87,412973000.0
2015-06-03,000300.SH,5176.6,5143.59,414258000.0
2015-06-04,000300.SH,5156.01,5181.42,482767000.0
2015-06-05,000300.SH,5254.9,5230.55,545961000.0
2015-06-08,000300.SH,5259.41,5353.75,637313000.0
2015-06-09,000300.SH,5379.47,5317.46,570427000.0
2015-06-10,000300.SH,5254.3,5309.11,442166000.0
2015-06-11,000300.SH,5305.14,5306.59,392339000.0
2015-06-12,000300.SH,5329.28,5335.12,430131000.0
2015-06-15,000300.SH,5354.01,5221.17,475746000.0
2015-06-16,000300.SH,5165.02,5064.82,411676000.0
2015-06-17,000300.SH,5072.31,5138.83,397124000.0
2015-06-18,000300.SH,5107.69,4930.55,364396000.0
2015-06-19,000300.SH,4847.06,4637.05,358105000.0
2015-06-23,000300.SH,4641.42,4786.09,365088000.0
2015-06-24,000300.SH,4811.59,4880.13,434639000.0
2015-06-25,000300.SH,4906.24,4706.52,446136000.0
2015-06-26,000300.SH,4573.87,4336.19,446640000.0
2015-06-29,000300.SH,4446.84,4191.55,525662000.0
2015-06-30,000300.SH,4161.07,4473.0,527045000.0
2015-07-01,000300.SH,4408.98,4253.02,431721000.0
2015-07-02,000300.SH,4287.73,4108.0,457062000.0
2015-07-03,000300.SH,4017.2,3885.92,429301000.0
2015-07-06,000300.SH,4218.27,3998.54,648095000.0
2015-07-07,000300.SH,3877.85,3928.0,679385000.0
2015-07-08,000300.SH,3651.06,3663.04,581467000.0
2015-07-09,000300.SH,3621.68,3897.63,503871000.0
2015-07-10,000300.SH,3916.27,4106.56,500702000.0
2015-07-13,000300.SH,4132.23,4211.81,502092000.0
2015-07-14,000300.SH,4178.63,4112.15,454422000.0
2015-07-15,000300.SH,4068.88,3966.76,421956000.0
2015-07-16,000300.SH,3949.64,3997.36,330531000.0
2015-07-17,000300.SH,4023.76,4151.5,331107000.0
2015-07-20,000300.SH,4157.06,4160.61,352673000.0
2015-07-21,000300.SH,4109.76,4166.01,318375000.0
2015-07-22,000300.SH,4148.56,4157.16,318946000.0
2015-07-23,000300.SH,4158.93,4250.81,354472000.0
2015-07-24,000300.SH,4255.2,4176.28,392045000.0
2015-07-27,000300.SH,4097.8,3818.73,365054000.0
2015-07-28,000300.SH,3690.97,3811.09,383527000.0
2015-07-29,000300.SH,3839.96,3930.38,276973000.0
2015-07-30,000300.SH,3915.78,3815.41,271549000.0
2015-07-31,000300.SH,3777.15,3816.7,222377000.0
2015-08-03,000300.SH,3766.07,3829.24,245805000.0
2015-08-04,000300.SH,3827.37,3948.16,220237000.0
2015-08-05,000300.SH,3937.62,3866.9,200484000.0
2015-08-06,000300.SH,3802.93,3831.85,147279000.0
2015-08-07,000300.SH,3866.43,3906.94,183349000.0
2015-08-10,000300.SH,3947.47,4084.36,306781000.0
2015-08-11,000300.SH,4083.59,4066.67,322034000.0
2015-08-12,000300.SH,4025.67,4016.13,255146000.0
2015-08-13,000300.SH,4010.01,4075.46,242837000.0
2015-08-14,000300.SH,4097.92,4073.54,253393000.0
2015-08-17,000300.SH,4058.11,4077.87,256940000.0
2015-08-18,000300.SH,4084.31,3825.41,319881000.0
2015-08-19,000300.SH,3748.27,3886.14,269050000.0
2015-08-20,000300.SH,3848.4,3761.45,212168000.0
2015-08-21,000300.SH,3714.29,3589.54,217986000.0
2015-08-24,000300.SH,3454.6,3275.53,255437000.0
2015-08-25,000300.SH,3070.01,3042.93,276081000.0
2015-08-26,000300.SH,3062.57,3025.69,308271000.0
2015-08-27,000300.SH,3092.81,3205.64,267295000.0
2015-08-28,000300.SH,3246.24,3342.29,299498000.0
2015-08-31,000300.SH,3307.4,3366.54,280250000.0
2015-09-01,000300.SH,3296.53,3362.08,352459000.0
2015-09-02,000300.SH,3220.85,3365.83,347789000.0
2015-09-07,000300.SH,3347.29,3250.49,204224000.0
2015-09-08,000300.SH,3221.79,3334.02,154600000.0
2015-09-09,000300.SH,3344.82,3399.31,220467000.0
2015-09-10,000300.SH,3349.28,3357.56,144883000.0
2015-09-11,000300.SH,3349.88,3347.19,108548000.0
2015-09-14,000300.SH,3367.64,3281.13,205457000.0
2015-09-15,000300.SH,3208.74,3152.23,143556000.0
2015-09-16,000300.SH,3149.16,3309.25,159710000.0
2015-09-17,000300.SH,3287.66,3237.0,169402000.0
2015-09-18,000300.SH,3254.44,3251.27,106903000.0
2015-09-21,000300.SH,3222.6,3308.25,122789000.0
2015-09-22,000300.SH,3312.37,3339.03,146222000.0
2015-09-23,000300.SH,3290.07,3263.03,123171000.0
2015-09-24,000300.SH,3278.9,3285.0,102011000.0
2015-09-25,000300.SH,3272.67,3231.95,121419000.0
2015-09-28,000300.SH,3226.61,3242.75,74219500.0
2015-09-29,000300.SH,3197.22,3178.85,87150600.0
2015-09-30,000300.SH,3195.9,3202.95,78559400.0
2015-10-08,000300.SH,3324.98,3296.48,132082000.0
2015-10-09,000300.SH,3302.36,3340.12,124352000.0
2015-10-12,000300.SH,3351.14,3447.69,221400000.0
2015-10-13,000300.SH,3422.48,3445.04,145434000.0
2015-10-14,000300.SH,3431.14,3406.11,152174000.0
2015-10-15,000300.SH,3403.39,3486.81,171158000.0
2015-10-16,000300.SH,3508.52,3534.07,208965000.0
2015-10-19,000300.SH,3548.95,3534.18,207607000.0
2015-10-20,000300.SH,3527.88,3577.7,179025000.0
2015-10-21,000300.SH,3580.84,3473.25,282076000.0
2015-10-22,000300.SH,3453.2,3524.53,184306000.0
2015-10-23,000300.SH,3536.84,3571.24,198294000.0
2015-10-26,000300.SH,3614.7,3589.26,204249000.0
2015-10-27,000300.SH,3569.45,3592.88,192056000.0
2015-10-28,000300.SH,3575.8,3524.92,170977000.0
2015-10-29,000300.SH,3539.98,3533.31,127010000.0
2015-10-30,000300.SH,3530.22,3534.08,139142000.0
2015-11-02,000300.SH,3489.23,3475.96,130003000.0
2015-11-03,000300.SH,3484.72,3465.49,101402000.0
2015-11-04,000300.SH,3477.16,3628.54,205424000.0
2015-11-05,000300.SH,3630.78,3705.97,398047000.0
2015-11-06,000300.SH,3698.34,3793.37,298753000.0
2015-11-09,000300.SH,3796.38,3840.35,356805000.0
2015-11-10,000300.SH,3806.67,3833.24,286520000.0
2015-11-11,000300.SH,3828.45,3833.65,232234000.0
2015-11-12,000300.SH,3841.74,3795.32,217538000.0
2015-11-13,000300.SH,3756.2,3746.24,203490000.0
2015-11-16,000300.SH,3682.73,3764.13,161691000.0
2015-11-17,000300.SH,3790.43,3758.39,248533000.0
2015-11-18,000300.SH,3760.46,3715.58,185689000.0
2015-11-19,000300.SH,3725.62,3774.97,154632000.0
2015-11-20,000300.SH,3778.88,3774.38,186952000.0
2015-11-23,000300.SH,3774.44,3753.34,175627000.0
2015-11-24,000300.SH,3745.76,3753.89,143383000.0
2015-11-25,000300.SH,3747.76,3781.61,151945000.0
2015-11-26,000300.SH,3795.25,3759.43,173525000.0
2015-11-27,000300.SH,3739.1,3556.99,208939000.0
2015-11-30,000300.SH,3554.89,3566.41,173201000.0
2015-12-01,000300.SH,3562.32,3591.7,136537000.0
2015-12-02,000300.SH,3587.76,3721.95,213539000.0
2015-12-03,000300.SH,3709.55,3749.3,197762000.0
2015-12-04,000300.SH,3719.73,3677.59,151200000.0
2015-12-07,000300.SH,3681.58,3687.61,113883000.0
2015-12-08,000300.SH,3668.84,3623.02,125781000.0
2015-12-09,000300.SH,3613.42,3635.94,113325000.0
2015-12-10,000300.SH,3634.37,3623.08,120216000.0
2015-12-11,000300.SH,3605.37,3608.06,110322000.0
2015-12-14,000300.SH,3573.88,3711.32,151769000.0
2015-12-15,000300.SH,3707.73,3694.39,126482000.0
2015-12-16,000300.SH,3703.95,3685.44,111343000.0
2015-12-17,000300.SH,3712.78,3755.89,177924000.0
2015-12-18,000300.SH,3754.96,3767.91,173466000.0
2015-12-21,000300.SH,3762.1,3865.97,217435000.0
2015-12-22,000300.SH,3872.1,3876.73,180304000.0
2015-12-23,000300.SH,3877.87,3866.38,207017000.0
2015-12-24,000300.SH,3858.13,3829.4,147181000.0
2015-12-25,000300.SH,3832.08,3838.2,119624000.0
2015-12-28,000300.SH,3847.53,3727.63,153988000.0
2015-12-29,000300.SH,3723.05,3761.87,101886000.0
2015-12-30,000300.SH,3762.91,3765.18,105630000.0
2015-12-31,000300.SH,3760.9,3731.0,101874000.0
2016-01-04,000300.SH,3725.86,3469.07,115371000.0
2016-01-05,000300.SH,3382.18,3478.78,162117000.0
2016-01-06,000300.SH,3482.41,3539.81,145966000.0
2016-01-07,000300.SH,3481.15,3294.38,44102600.0
2016-01-08,000300.SH,3371.87,3361.56,185959000.0
2016-01-11,000300.SH,3303.12,3192.45,174638000.0
2016-01-12,000300.SH,3214.82,3215.71,128226000.0
2016-01-13,000300.SH,3240.48,3155.88,120666000.0
2016-01-14,000300.SH,3076.64,3221.57,134538000.0
2016-01-15,000300.SH,3200.89,3118.73,124602000.0
2016-01-18,000300.SH,3068.23,3130.73,101128000.0
2016-01-19,000300.SH,3132.7,3223.12,127654000.0
2016-01-20,000300.SH,3204.22,3174.38,130651000.0
2016-01-21,000300.SH,3136.38,3081.35,111190000.0
2016-01-22,000300.SH,3114.9,3113.46,89951100.0
2016-01-25,000300.SH,3129.03,3128.89,81540100.0
2016-01-26,000300.SH,3099.6,2940.51,126934000.0
2016-01-27,000300.SH,2953.18,2930.35,132229000.0
2016-01-28,000300.SH,2909.33,2853.76,99222800.0
2016-01-29,000300.SH,2855.6,2946.09,113304000.0
2016-02-01,000300.SH,2939.04,2901.05,86795300.0
2016-02-02,000300.SH,2901.53,2961.33,88602000.0
2016-02-03,000300.SH,2931.29,2948.64,77389000.0
2016-02-04,000300.SH,2960.33,2984.76,91779700.0
2016-02-05,000300.SH,2982.06,2963.79,76850800.0
2016-02-15,000300.SH,2888.43,2946.71,72919400.0
2016-02-16,000300.SH,2962.19,3037.04,112580000.0
2016-02-17,000300.SH,3034.09,3063.32,128292000.0
2016-02-18,000300.SH,3079.53,3053.7,124401000.0
2016-02-19,000300.SH,3047.94,3051.58,87338000.0
2016-02-22,000300.SH,3083.93,3118.87,140947000.0
2016-02-23,000300.SH,3117.2,3089.36,112567000.0
2016-02-24,000300.SH,3077.61,3109.55,111783000.0
2016-02-25,000300.SH,3104.41,2918.75,157830000.0
2016-02-26,000300.SH,2942.1,2948.03,106950000.0
2016-02-29,000300.SH,2939.58,2877.47,129341000.0
2016-03-01,000300.SH,2881.34,2930.69,116046000.0
2016-03-02,000300.SH,2933.92,3051.33,175972000.0
2016-03-03,000300.SH,3050.39,3058.42,173106000.0
2016-03-04,000300.SH,3047.54,3093.89,219173000.0
2016-03-07,000300.SH,3109.0,3104.84,132462000.0
2016-03-08,000300.SH,3100.15,3107.67,136236000.0
2016-03-09,000300.SH,3045.92,3071.91,111466000.0
2016-03-10,000300.SH,3056.21,3013.15,76072200.0
2016-03-11,000300.SH,2990.21,3018.28,73333600.0
2016-03-14,000300.SH,3039.57,3065.69,117109000.0
2016-03-15,000300.SH,3061.34,3074.78,98311900.0
2016-03-16,000300.SH,3068.87,3090.03,124736000.0
2016-03-17,000300.SH,3096.81,3124.2,121662000.0
2016-03-18,000300.SH,3136.22,3171.96,197303000.0
2016-03-21,000300.SH,3203.29,3249.44,233269000.0
2016-03-22,000300.SH,3231.61,3225.79,161021000.0
2016-03-23,000300.SH,3217.73,3236.09,125679000.0
2016-03-24,000300.SH,3211.5,3181.85,133131000.0
2016-03-25,000300.SH,3176.81,3197.82,97395300.0
2016-03-28,000300.SH,3206.95,3169.73,103442000.0
2016-03-29,000300.SH,3171.31,3135.41,97294700.0
2016-03-30,000300.SH,3161.29,3216.28,117803000.0
2016-03-31,000300.SH,3229.2,3218.09,121552000.0
2016-04-01,000300.SH,3213.67,3221.89,118122000.0
2016-04-05,000300.SH,3211.3,3264.49,146048000.0
2016-04-06,000300.SH,3250.52,3257.53,120196000.0
2016-04-07,000300.SH,3266.29,3209.29,112409000.0
2016-04-08,000300.SH,3189.85,3185.73,101006000.0
2016-04-11,000300.SH,3213.51,3230.1,125213000.0
2016-04-12,000300.SH,3227.37,3218.45,92869400.0
2016-04-13,000300.SH,3237.86,3261.38,195614000.0
2016-04-14,000300.SH,3277.1,3275.83,113157000.0
2016-04-15,000300.SH,3279.86,3272.21,99807500.0
2016-04-18,000300.SH,3252.67,3228.45,97090100.0
2016-04-19,000300.SH,3243.97,3238.3,80871400.0
2016-04-20,000300.SH,3244.14,3181.03,162208000.0
2016-04-21,000300.SH,3160.8,3160.6,104753000.0
2016-04-22,000300.SH,3142.56,3174.9,77078500.0
2016-04-25,000300.SH,3164.74,3162.03,67519400.0
2016-04-26,000300.SH,3159.77,3179.16,59020700.0
2016-04-27,000300.SH,3181.93,3165.92,60004100.0
2016-04-28,000300.SH,3169.33,3160.58,69870700.0
2016-04-29,000300.SH,3153.54,3156.75,58029800.0
2016-05-03,000300.SH,3159.82,3213.54,98164800.0
2016-05-04,000300.SH,3203.47,3209.46,90862400.0
2016-05-05,000300.SH,3204.17,3213.92,74733700.0
2016-05-06,000300.SH,3213.14,3130.35,108680000.0
2016-05-09,000300.SH,3115.43,3065.62,99230500.0
2016-05-10,000300.SH,3055.21,3069.11,68849900.0
2016-05-11,000300.SH,3080.64,3082.81,81794300.0
2016-05-12,000300.SH,3059.38,3090.14,78765700.0
2016-05-13,000300.SH,3081.68,3074.94,62629800.0
2016-05-16,000300.SH,3064.53,3095.31,59461900.0
2016-05-17,000300.SH,3095.52,3086.02,65278100.0
2016-05-18,000300.SH,3071.53,3068.04,82715400.0
2016-05-19,000300.SH,3060.34,3062.5,60444200.0
2016-05-20,000300.SH,3047.78,3078.22,56080800.0
2016-05-23,000300.SH,3078.51,3087.22,59697200.0
2016-05-24,000300.SH,3083.24,3063.56,58734400.0
2016-05-25,000300.SH,3079.75,3059.23,56652800.0
2016-05-26,000300.SH,3056.6,3064.21,60393000.0
2016-05-27,000300.SH,3059.73,3062.5,60468800.0
2016-05-30,000300.SH,3056.31,3066.71,63098600.0
2016-05-31,000300.SH,3068.6,3169.56,138863000.0
2016-06-01,000300.SH,3172.96,3160.55,113148000.0
2016-06-02,000300.SH,3158.03,3167.1,86003400.0
2016-06-03,000300.SH,3172.95,3189.33,101492000.0
2016-06-06,000300.SH,3192.78,3178.79,76693800.0
2016-06-07,000300.SH,3182.44,3177.05,68928300.0
2016-06-08,000300.SH,3171.81,3163.99,76291800.0
2016-06-13,000300.SH,3134.05,3066.34,92975900.0
2016-06-14,000300.SH,3058.44,3075.98,66279500.0
2016-06-15,000300.SH,3043.96,3116.37,87393300.0
2016-06-16,000300.SH,3104.36,3094.67,82974700.0
2016-06-17,000300.SH,3096.09,3110.36,85403000.0
2016-06-20,000300.SH,3114.91,3112.67,63587100.0
2016-06-21,000300.SH,3124.9,3106.32,87965300.0
2016-06-22,000300.SH,3100.45,3133.96,66487100.0
2016-06-23,000300.SH,3129.72,3117.32,67751700.0
2016-06-24,000300.SH,3110.65,3077.16,104792000.0
2016-06-27,000300.SH,3065.13,3120.54,83267300.0
2016-06-28,000300.SH,3107.4,3136.4,92024600.0
2016-06-29,000300.SH,3142.48,3151.39,103724000.0
2016-06-30,000300.SH,3152.83,3153.92,79692600.0
2016-07-01,000300.SH,3156.93,3154.2,71746300.0
2016-07-04,000300.SH,3136.39,3204.7,133311000.0
2016-07-05,000300.SH,3199.16,3207.38,130227000.0
2016-07-06,000300.SH,3197.62,3216.8,124897000.0
2016-07-07,000300.SH,3206.55,3209.95,118595000.0
2016-07-08,000300.SH,3199.75,3192.28,89734900.0
2016-07-11,000300.SH,3199.04,3203.33,138530000.0
2016-07-12,000300.SH,3201.91,3273.18,172534000.0
2016-07-13,000300.SH,3274.02,3282.87,175196000.0
2016-07-14,000300.SH,3277.48,3276.76,107526000.0
2016-07-15,000300.SH,3278.84,3276.28,102665000.0
2016-07-18,000300.SH,3269.71,3262.02,110313000.0
2016-07-19,000300.SH,3260.43,3248.23,88886900.0
2016-07-20,000300.SH,3246.86,3237.6,72701300.0
2016-07-21,000300.SH,3238.34,3252.52,86004800.0
2016-07-22,000300.SH,3251.24,3225.16,86029100.0
2016-07-25,000300.SH,3220.17,3230.89,70203200.0
2016-07-26,000300.SH,3228.23,3269.59,81051100.0
2016-07-27,000300.SH,3270.08,3218.24,160189000.0
2016-07-28,000300.SH,3204.46,3221.14,112780000.0
2016-07-29,000300.SH,3217.19,3203.93,88044800.0
2016-08-01,000300.SH,3196.43,3176.81,87003500.0
2016-08-02,000300.SH,3173.76,3189.05,62167600.0
2016-08-03,000300.SH,3179.68,3193.51,72864100.0
2016-08-04,000300.SH,3190.55,3201.29,73504400.0
2016-08-05,000300.SH,3201.35,3205.11,77196400.0
2016-08-08,000300.SH,3199.57,3234.18,86676000.0
2016-08-09,000300.SH,3232.6,3256.98,91065300.0
2016-08-10,000300.SH,3255.18,3243.34,90430400.0
2016-08-11,000300.SH,3239.56,3233.36,101041000.0
2016-08-12,000300.SH,3231.81,3294.23,116254000.0
2016-08-15,000300.SH,3303.47,3393.42,220543000.0
2016-08-16,000300.SH,3403.38,3378.25,196390000.0
2016-08-17,000300.SH,3377.77,3373.05,138848000.0
2016-08-18,000300.SH,3369.95,3364.49,142380000.0
2016-08-19,000300.SH,3358.55,3365.02,119962000.0
2016-08-22,000300.SH,3364.68,3336.79,107951000.0
2016-08-23,000300.SH,3332.62,3341.83,92924500.0
2016-08-24,000300.SH,3341.93,3329.86,81191400.0
2016-08-25,000300.SH,3314.08,3308.97,100589000.0
2016-08-26,000300.SH,3312.5,3307.09,81530700.0
2016-08-29,000300.SH,3306.57,3307.78,77036300.0
2016-08-30,000300.SH,3310.32,3311.99,75726000.0
2016-08-31,000300.SH,3310.57,3327.79,79570800.0
2016-09-01,000300.SH,3326.74,3301.58,84947200.0
2016-09-02,000300.SH,3298.72,3314.11,82791800.0
2016-09-05,000300.SH,3321.01,3319.68,78292500.0
2016-09-06,000300.SH,3322.02,3342.63,98284000.0
2016-09-07,000300.SH,3344.07,3340.82,102940000.0
2016-09-08,000300.SH,3338.01,3339.56,71916200.0
2016-09-09,000300.SH,3339.37,3318.04,82657000.0
2016-09-12,000300.SH,3271.87,3262.6,122918000.0
2016-09-13,000300.SH,3265.34,3260.33,67180300.0
2016-09-14,000300.SH,3245.74,3238.73,70432700.0
2016-09-19,000300.SH,3242.74,3263.12,58831100.0
2016-09-20,000300.SH,3264.66,3257.4,52784200.0
2016-09-21,000300.SH,3257.71,3266.64,59143000.0
2016-09-22,000300.SH,3281.47,3291.12,75753500.0
2016-09-23,000300.SH,3292.28,3275.67,57994000.0
2016-09-26,000300.SH,3267.69,3220.28,70452200.0
2016-09-27,000300.SH,3214.87,3240.75,58460600.0
2016-09-28,000300.SH,3243.65,3230.89,44727500.0
2016-09-29,000300.SH,3234.86,3244.39,55452600.0
2016-09-30,000300.SH,3240.18,3253.28,44978000.0
2016-10-10,000300.SH,3265.36,3293.87,80519300.0
2016-10-11,000300.SH,3296.87,3306.56,87713200.0
2016-10-12,000300.SH,3299.14,3300.01,68669800.0
2016-10-13,000300.SH,3299.16,3302.65,81224200.0
2016-10-14,000300.SH,3298.73,3305.85,82316300.0
2016-10-17,000300.SH,3305.96,3277.88,86113500.0
2016-10-18,000300.SH,3272.68,3321.33,102861000.0
2016-10-19,000300.SH,3323.3,3316.24,101168000.0
2016-10-20,000300.SH,3317.18,3318.6,79238900.0
2016-10-21,000300.SH,3315.72,3327.74,109785000.0
2016-10-24,000300.SH,3332.51,3367.58,153014000.0
2016-10-25,000300.SH,3367.48,3367.45,111192000.0
2016-10-26,000300.SH,3365.2,3354.8,98024800.0
2016-10-27,000300.SH,3351.46,3345.7,77629800.0
2016-10-28,000300.SH,3347.14,3340.13,93133300.0
2016-10-31,000300.SH,3332.41,3336.28,71352900.0
2016-11-01,000300.SH,3338.71,3359.05,74938200.0
2016-11-02,000300.SH,3350.71,3333.35,91197100.0
2016-11-03,000300.SH,3326.9,3365.08,126224000.0
2016-11-04,000300.SH,3362.21,3354.17,104070000.0
2016-11-07,000300.SH,3353.44,3356.59,99878000.0
2016-11-08,000300.SH,3367.7,3371.12,103148000.0
2016-11-09,000300.SH,3370.6,3353.05,139110000.0
2016-11-10,000300.SH,3374.91,3390.61,134706000.0
2016-11-11,000300.SH,3387.95,3417.22,198782000.0
2016-11-14,000300.SH,3409.22,3430.25,213247000.0
2016-11-15,000300.SH,3428.87,3429.87,134566000.0
2016-11-16,000300.SH,3432.43,3429.59,129809000.0
2016-11-17,000300.SH,3423.47,3436.53,121562000.0
2016-11-18,000300.SH,3437.49,3417.46,115951000.0
2016-11-21,000300.SH,3412.65,3441.11,146435000.0
2016-11-22,000300.SH,3443.22,3468.36,168523000.0
2016-11-23,000300.SH,3473.9,3474.73,162389000.0
2016-11-24,000300.SH,3468.81,3488.74,145746000.0
2016-11-25,000300.SH,3490.04,3521.3,153622000.0
2016-11-28,000300.SH,3538.68,3535.08,207375000.0
2016-11-29,000300.SH,3525.9,3564.04,236918000.0
2016-11-30,000300.SH,3557.64,3538.0,178560000.0
2016-12-01,000300.SH,3543.96,3565.04,180171000.0
2016-12-02,000300.SH,3559.77,3528.95,196355000.0
2016-12-05,000300.SH,3473.69,3469.41,180852000.0
2016-12-06,000300.SH,3466.24,3459.15,115529000.0
2016-12-07,000300.SH,3458.37,3475.75,114345000.0
2016-12-08,000300.SH,3481.81,3470.14,117384000.0
2016-12-09,000300.SH,3464.87,3493.7,150303000.0
2016-12-12,000300.SH,3489.27,3409.18,187468000.0
2016-12-13,000300.SH,3394.21,3405.04,121105000.0
2016-12-14,000300.SH,3399.41,3378.95,124008000.0
2016-12-15,000300.SH,3363.86,3340.43,114961000.0
2016-12-16,000300.SH,3335.36,3346.03,90775400.0
2016-12-19,000300.SH,3342.34,3328.98,81640700.0
2016-12-20,000300.SH,3328.3,3309.06,87569600.0
2016-12-21,000300.SH,3313.75,3338.54,108255000.0
2016-12-22,000300.SH,3335.12,3335.67,92277200.0
2016-12-23,000300.SH,3333.4,3307.6,97444700.0
2016-12-26,000300.SH,3293.22,3322.4,89794000.0
2016-12-27,000300.SH,3319.21,3316.39,75486400.0
2016-12-28,000300.SH,3315.75,3301.89,69000400.0
2016-12-29,000300.SH,3297.04,3297.76,70087900.0
2016-12-30,000300.SH,3302.6,3310.08,71744100.0
2017-01-03,000300.SH,3313.95,3342.23,86567900.0
2017-01-04,000300.SH,3340.56,3368.31,90050800.0
2017-01-05,000300.SH,3368.34,3367.79,88336400.0
2017-01-06,000300.SH,3366.85,3347.67,87459100.0
2017-01-09,000300.SH,3345.75,3363.9,83707900.0
2017-01-10,000300.SH,3361.64,3358.27,83819200.0
2017-01-11,000300.SH,3355.8,3334.5,91071400.0
2017-01-12,000300.SH,3332.69,3317.62,81239100.0
2017-01-13,000300.SH,3317.96,3319.91,84180600.0
2017-01-16,000300.SH,3314.15,3319.45,157779000.0
2017-01-17,000300.SH,3305.6,3326.36,69453300.0
2017-01-18,000300.SH,3323.34,3339.37,70623200.0
2017-01-19,000300.SH,3330.95,3329.29,66159800.0
2017-01-20,000300.SH,3326.98,3354.89,65300500.0
2017-01-23,000300.SH,3359.05,3364.08,75557500.0
2017-01-24,000300.SH,3363.14,3364.45,66194200.0
2017-01-25,000300.SH,3361.66,3375.9,58376900.0
2017-01-26,000300.SH,3378.26,3387.96,65316600.0
2017-02-03,000300.SH,3390.93,3364.49,55188900.0
2017-02-06,000300.SH,3368.11,3373.21,68521400.0
2017-02-07,000300.SH,3371.77,3365.68,63754500.0
2017-02-08,000300.SH,3361.78,3383.29,75402900.0
2017-02-09,000300.SH,3381.9,3396.29,97558500.0
2017-02-10,000300.SH,3398.32,3413.49,123769000.0
2017-02-13,000300.SH,3416.92,3436.27,120145000.0
2017-02-14,000300.SH,3438.51,3435.8,94809500.0
2017-02-15,000300.SH,3435.39,3421.71,127643000.0
2017-02-16,000300.SH,3421.83,3440.93,108277000.0
2017-02-17,000300.SH,3443.62,3421.44,114600000.0
2017-02-20,000300.SH,3421.64,3471.39,132629000.0
2017-02-21,000300.SH,3475.06,3482.82,114842000.0
2017-02-22,000300.SH,3483.2,3489.76,102816000.0
2017-02-23,000300.SH,3487.57,3473.32,99536300.0
2017-02-24,000300.SH,3468.96,3473.85,95535100.0
2017-02-27,000300.SH,3471.13,3446.22,98672200.0
2017-02-28,000300.SH,3445.03,3452.81,75215300.0
2017-03-01,000300.SH,3452.21,3458.44,103260000.0
2017-03-02,000300.SH,3463.48,3435.1,89898100.0
2017-03-03,000300.SH,3424.66,3427.86,80994700.0
2017-03-06,000300.SH,3427.25,3446.48,83070900.0
2017-03-07,000300.SH,3446.16,3453.96,80334700.0
2017-03-08,000300.SH,3452.2,3448.73,79587700.0
2017-03-09,000300.SH,3442.9,3426.94,84570400.0
2017-03-10,000300.SH,3423.98,3427.89,70016200.0
2017-03-13,000300.SH,3425.67,3458.1,91684100.0
2017-03-14,000300.SH,3456.66,3456.69,77078000.0
2017-03-15,000300.SH,3452.21,3463.64,79105000.0
2017-03-16,000300.SH,3472.27,3481.51,106334000.0
2017-03-17,000300.SH,3485.31,3445.81,103756000.0
2017-03-20,000300.SH,3449.05,3449.61,88734300.0
2017-03-21,000300.SH,3449.77,3466.35,87707900.0
2017-03-22,000300.SH,3450.75,3450.05,104936000.0
2017-03-23,000300.SH,3452.41,3461.98,94318100.0
2017-03-24,000300.SH,3464.2,3489.6,125646000.0
2017-03-27,000300.SH,3488.76,3478.04,107015000.0
2017-03-28,000300.SH,3480.25,3469.81,84194800.0
2017-03-29,000300.SH,3472.97,3465.19,104852000.0
2017-03-30,000300.SH,3461.62,3436.76,116377000.0
2017-03-31,000300.SH,3434.82,3456.05,91577500.0
2017-04-05,000300.SH,3476.42,3503.89,143399000.0
2017-04-06,000300.SH,3507.99,3514.05,136767000.0
2017-04-07,000300.SH,3514.45,3517.46,140293000.0
2017-04-10,000300.SH,3519.46,3505.14,141887000.0
2017-04-11,000300.SH,3503.83,3517.33,165946000.0
2017-04-12,000300.SH,3514.57,3509.44,181825000.0
2017-04-13,000300.SH,3500.28,3514.57,129982000.0
2017-04-14,000300.SH,3516.81,3486.5,135474000.0
2017-04-17,000300.SH,3475.74,3479.94,117165000.0
2017-04-18,000300.SH,3474.89,3462.74,110928000.0
2017-04-19,000300.SH,3452.99,3445.88,121349000.0
2017-04-20,000300.SH,3444.52,3461.55,114184000.0
2017-04-21,000300.SH,3461.39,3466.79,104419000.0
2017-04-24,000300.SH,3458.23,3431.26,114661000.0
2017-04-25,000300.SH,3427.73,3440.97,94072100.0
2017-04-26,000300.SH,3440.25,3445.18,111940000.0
2017-04-27,000300.SH,3435.1,3446.72,123298000.0
2017-04-28,000300.SH,3439.57,3439.75,101632000.0
2017-05-02,000300.SH,3427.92,3426.58,92797500.0
2017-05-03,000300.SH,3421.76,3413.13,91669600.0
2017-05-04,000300.SH,3404.94,3404.39,103482000.0
2017-05-05,000300.SH,3393.48,3382.55,109895000.0
2017-05-08,000300.SH,3369.11,3358.81,123749000.0
2017-05-09,000300.SH,3342.6,3352.53,76771700.0
2017-05-10,000300.SH,3350.65,3337.7,92082600.0
2017-05-11,000300.SH,3322.95,3356.65,109253000.0
2017-05-12,000300.SH,3350.94,3385.38,93386500.0
2017-05-15,000300.SH,3391.59,3399.19,82977600.0
2017-05-16,000300.SH,3390.93,3428.65,105242000.0
2017-05-17,000300.SH,3423.19,3409.97,99736800.0
2017-05-18,000300.SH,3387.67,3398.11,85759600.0
2017-05-19,000300.SH,3395.23,3403.85,71473500.0
2017-05-22,000300.SH,3400.59,3411.24,92539600.0
2017-05-23,000300.SH,3405.03,3424.19,116911000.0
2017-05-24,000300.SH,3409.72,3424.17,83553200.0
2017-05-25,000300.SH,3414.4,3485.66,130722000.0
2017-05-26,000300.SH,3479.62,3480.43,103241000.0
2017-05-31,000300.SH,3495.07,3492.88,104830000.0
2017-06-01,000300.SH,3485.22,3497.74,103128000.0
2017-06-02,000300.SH,3491.59,3486.51,82668000.0
2017-06-05,000300.SH,3480.17,3468.75,79738200.0
2017-06-06,000300.SH,3464.38,3492.88,64089400.0
2017-06-07,000300.SH,3493.88,3533.87,104420000.0
2017-06-08,000300.SH,3531.24,3560.98,90224900.0
2017-06-09,000300.SH,3561.24,3576.17,101188000.0
2017-06-12,000300.SH,3570.22,3574.39,90381200.0
2017-06-13,000300.SH,3569.16,3582.27,75177100.0
2017-06-14,000300.SH,3571.25,3535.3,83810800.0
2017-06-15,000300.SH,3530.75,3528.79,82632500.0
2017-06-16,000300.SH,3522.97,3518.76,76452700.0
2017-06-19,000300.SH,3520.06,3553.67,79797100.0
2017-06-20,000300.SH,3560.79,3546.49,80509600.0
2017-06-21,000300.SH,3567.13,3587.96,87859800.0
2017-06-22,000300.SH,3583.56,3590.34,135527000.0
2017-06-23,000300.SH,3583.44,3622.88,105129000.0
2017-06-26,000300.SH,3627.02,3668.09,134638000.0
2017-06-27,000300.SH,3665.58,3674.72,97558700.0
2017-06-28,000300.SH,3664.16,3646.17,97920900.0
2017-06-29,000300.SH,3649.25,3668.83,85589500.0
2017-06-30,000300.SH,3654.73,3666.8,81510000.0
2017-07-03,000300.SH,3667.23,3650.85,88820900.0
2017-07-04,000300.SH,3646.83,3619.98,95071400.0
2017-07-05,000300.SH,3611.9,3659.68,88232400.0
2017-07-06,000300.SH,3654.56,3660.1,102379000.0
2017-07-07,000300.SH,3647.64,3655.93,103735000.0
2017-07-10,000300.SH,3647.94,3653.69,120592000.0
2017-07-11,000300.SH,3646.88,3670.81,118761000.0
2017-07-12,000300.SH,3672.63,3658.82,122288000.0
2017-07-13,000300.SH,3656.35,3686.92,125670000.0
2017-07-14,000300.SH,3682.62,3703.09,105514000.0
2017-07-17,000300.SH,3700.62,3663.56,178822000.0
2017-07-18,000300.SH,3648.49,3667.18,124622000.0
2017-07-19,000300.SH,3660.87,3729.75,182478000.0
2017-07-20,000300.SH,3725.14,3747.88,142410000.0
2017-07-21,000300.SH,3738.18,3728.6,117941000.0
2017-07-24,000300.SH,3724.38,3743.47,134869000.0
2017-07-25,000300.SH,3742.64,3719.56,121672000.0
2017-07-26,000300.SH,3722.88,3705.39,136325000.0
2017-07-27,000300.SH,3700.86,3712.19,145003000.0
2017-07-28,000300.SH,3703.49,3721.89,111411000.0
2017-07-31,000300.SH,3722.43,3737.87,148429000.0
2017-08-01,000300.SH,3738.74,3770.38,152547000.0
2017-08-02,000300.SH,3768.19,3760.85,172293000.0
2017-08-03,000300.SH,3755.11,3727.83,146154000.0
2017-08-04,000300.SH,3724.72,3707.58,157470000.0
2017-08-07,000300.SH,3701.22,3726.79,124232000.0
2017-08-08,000300.SH,3724.33,3732.21,137242000.0
2017-08-09,000300.SH,3728.03,3731.04,124680000.0
2017-08-10,000300.SH,3724.96,3715.92,130085000.0
2017-08-11,000300.SH,3687.93,3647.35,150387000.0
2017-08-14,000300.SH,3651.38,3694.68,115308000.0
2017-08-15,000300.SH,3695.78,3706.06,106445000.0
2017-08-16,000300.SH,3701.13,3701.42,104134000.0
2017-08-17,000300.SH,3707.07,3721.28,108656000.0
2017-08-18,000300.SH,3707.19,3724.67,96561700.0
2017-08-21,000300.SH,3731.84,3740.99,100313000.0
2017-08-22,000300.SH,3745.75,3752.3,100293000.0
2017-08-23,000300.SH,3747.61,3756.09,104962000.0
2017-08-24,000300.SH,3755.89,3734.65,89947400.0
2017-08-25,000300.SH,3736.29,3795.75,129941000.0
2017-08-28,000300.SH,3805.66,3842.71,185576000.0
2017-08-29,000300.SH,3839.18,3834.54,128227000.0
2017-08-30,000300.SH,3834.27,3834.3,141353000.0
2017-08-31,000300.SH,3835.84,3822.09,132945000.0
2017-09-01,000300.SH,3825.34,3830.54,158646000.0
2017-09-04,000300.SH,3828.54,3845.62,149566000.0
2017-09-05,000300.SH,3845.55,3857.05,124964000.0
2017-09-06,000300.SH,3846.75,3849.45,131399000.0
2017-09-07,000300.SH,3851.69,3829.87,123884000.0
2017-09-08,000300.SH,3830.07,3825.99,106037000.0
2017-09-11,000300.SH,3828.34,3825.65,123884000.0
2017-09-12,000300.SH,3832.24,3837.93,144190000.0
2017-09-13,000300.SH,3835.55,3842.61,95410800.0
2017-09-14,000300.SH,3843.57,3829.96,115359000.0
2017-09-15,000300.SH,3826.14,3831.3,122427000.0
2017-09-18,000300.SH,3832.96,3843.14,117934000.0
2017-09-19,000300.SH,3849.88,3832.12,112433000.0
2017-09-20,000300.SH,3830.15,3842.44,101130000.0
2017-09-21,000300.SH,3843.26,3837.82,111098000.0
2017-09-22,000300.SH,3826.46,3837.73,100620000.0
2017-09-25,000300.SH,3829.22,3817.79,103949000.0
2017-09-26,000300.SH,3810.33,3820.78,81869400.0
2017-09-27,000300.SH,3818.96,3821.2,85655800.0
2017-09-28,000300.SH,3821.59,3822.54,93544100.0
2017-09-29,000300.SH,3825.2,3836.5,93306000.0
2017-10-09,000300.SH,3910.11,3882.21,135536000.0
2017-10-10,000300.SH,3883.0,3889.86,112533000.0
2017-10-11,000300.SH,3886.82,3902.69,104418000.0
2017-10-12,000300.SH,3902.02,3912.95,94340900.0
2017-10-13,000300.SH,3912.98,3921.0,90142100.0
2017-10-16,000300.SH,3926.28,3913.45,121355000.0
2017-10-17,000300.SH,3910.79,3913.07,82241200.0
2017-10-18,000300.SH,3914.82,3944.16,100970000.0
2017-10-19,000300.SH,3940.58,3931.25,106527000.0
2017-10-20,000300.SH,3918.53,3926.85,72980200.0
2017-10-23,000300.SH,3930.89,3930.8,81485000.0
2017-10-24,000300.SH,3926.23,3959.4,93058200.0
2017-10-25,000300.SH,3958.17,3976.95,88205500.0
2017-10-26,000300.SH,3980.05,3993.58,129895000.0
2017-10-27,000300.SH,3992.55,4021.97,126673000.0
2017-10-30,000300.SH,4022.16,4009.72,157388000.0
2017-10-31,000300.SH,3995.39,4006.72,109179000.0
2017-11-01,000300.SH,4007.91,3996.62,130417000.0
2017-11-02,000300.SH,3994.09,3997.13,126101000.0
2017-11-03,000300.SH,3992.35,3992.7,129404000.0
2017-11-06,000300.SH,3989.18,4020.89,122081000.0
2017-11-07,000300.SH,4022.4,4054.25,152117000.0
2017-11-08,000300.SH,4051.49,4048.01,150828000.0
2017-11-09,000300.SH,4043.07,4075.9,121056000.0
2017-11-10,000300.SH,4070.28,4111.91,141817000.0
2017-11-13,000300.SH,4115.55,4128.07,151446000.0
2017-11-14,000300.SH,4129.27,4099.35,143237000.0
2017-11-15,000300.SH,4084.21,4073.67,120636000.0
2017-11-16,000300.SH,4063.49,4105.01,121384000.0
2017-11-17,000300.SH,4094.08,4120.85,191784000.0
2017-11-20,000300.SH,4093.73,4143.83,137447000.0
2017-11-21,000300.SH,4131.85,4217.7,180351000.0
2017-11-22,000300.SH,4228.37,4227.57,186477000.0
2017-11-23,000300.SH,4213.38,4102.4,178147000.0
2017-11-24,000300.SH,4089.47,4104.2,130858000.0
2017-11-27,000300.SH,4088.93,4049.95,143455000.0
2017-11-28,000300.SH,4034.21,4055.82,102058000.0
2017-11-29,000300.SH,4061.35,4053.75,124554000.0
2017-11-30,000300.SH,4034.01,4006.1,107983000.0
2017-12-01,000300.SH,4003.56,3998.14,97386900.0
2017-12-04,000300.SH,3989.05,4018.86,102647000.0
2017-12-05,000300.SH,4007.94,4040.17,154087000.0
2017-12-06,000300.SH,4027.12,4015.82,109286000.0
2017-12-07,000300.SH,4003.58,3971.06,90254000.0
2017-12-08,000300.SH,3962.83,4003.38,89282900.0
2017-12-11,000300.SH,4006.88,4069.5,97148900.0
2017-12-12,000300.SH,4068.51,4016.02,84338700.0
2017-12-13,000300.SH,4013.83,4050.09,77546100.0
2017-12-14,000300.SH,4050.9,4026.15,80768900.0
2017-12-15,000300.SH,4018.73,3980.86,89044400.0
2017-12-18,000300.SH,3983.3,3985.29,77853400.0
2017-12-19,000300.SH,3985.82,4035.33,77529000.0
2017-12-20,000300.SH,4036.02,4030.49,90604500.0
2017-12-21,000300.SH,4023.08,4067.85,96836100.0
2017-12-22,000300.SH,4064.91,4054.6,73473700.0
2017-12-25,000300.SH,4057.42,4041.54,91927000.0
2017-12-26,000300.SH,4040.62,4053.62,91118800.0
2017-12-27,000300.SH,4045.28,3991.21,105154000.0
2017-12-28,000300.SH,3993.0,4018.9,118543000.0
2017-12-29,000300.SH,4022.88,4030.85,90486700.0
2018-01-02,000300.SH,4045.21,4087.4,146935000.0
2018-01-03,000300.SH,4091.46,4111.39,151852000.0
2018-01-04,000300.SH,4114.12,4128.81,134544000.0
2018-01-05,000300.SH,4133.34,4138.75,149010000.0
2018-01-08,000300.SH,4140.85,4160.16,173878000.0
2018-01-09,000300.SH,4157.54,4189.3,139034000.0
2018-01-10,000300.SH,4187.2,4207.81,151122000.0
2018-01-11,000300.SH,4197.11,4205.59,121579000.0
2018-01-12,000300.SH,4205.14,4225.0,111355000.0
2018-01-15,000300.SH,4229.84,4225.24,170908000.0
2018-01-16,000300.SH,4215.62,4258.47,161495000.0
2018-01-17,000300.SH,4261.78,4248.12,214311000.0
2018-01-18,000300.SH,4259.38,4271.42,172033000.0
2018-01-19,000300.SH,4281.94,4285.4,209491000.0
2018-01-22,000300.SH,4276.48,4336.6,174643000.0
2018-01-23,000300.SH,4346.89,4382.61,201868000.0
2018-01-24,000300.SH,4389.45,4389.89,219819000.0
2018-01-25,000300.SH,4381.98,4365.08,195375000.0
2018-01-26,000300.SH,4352.22,4381.3,177227000.0
2018-01-29,000300.SH,4387.06,4302.02,191100000.0
2018-01-30,000300.SH,4286.68,4256.1,139035000.0
2018-01-31,000300.SH,4234.11,4275.9,145210000.0
2018-02-01,000300.SH,4276.34,4245.9,190003000.0
2018-02-02,000300.SH,4213.94,4271.23,146067000.0
2018-02-05,000300.SH,4204.46,4274.15,161348000.0
2018-02-06,000300.SH,4182.33,4148.89,214910000.0
2018-02-07,000300.SH,4205.74,4050.5,203127000.0
2018-02-08,000300.SH,4022.88,4012.05,159270000.0
2018-02-09,000300.SH,3896.17,3840.65,206350000.0
2018-02-12,000300.SH,3846.27,3890.1,116183000.0
2018-02-13,000300.SH,3925.6,3935.63,112566000.0
2018-02-14,000300.SH,3945.09,3966.96,71081300.0
2018-02-22,000300.SH,4020.97,4052.73,105812000.0
2018-02-23,000300.SH,4061.75,4071.09,99458700.0
2018-02-26,000300.SH,4093.4,4118.42,137881000.0
2018-02-27,000300.SH,4120.87,4058.98,125934000.0
2018-02-28,000300.SH,4016.79,4023.64,109344000.0
2018-03-01,000300.SH,3994.87,4049.09,110200000.0
2018-03-02,000300.SH,4014.95,4016.46,96165000.0
2018-03-05,000300.SH,4021.66,4018.1,87952500.0
2018-03-06,000300.SH,4034.99,4066.56,138762000.0
2018-03-07,000300.SH,4063.5,4036.65,106952000.0
2018-03-08,000300.SH,4038.95,4077.6,91155800.0
2018-03-09,000300.SH,4088.07,4108.87,113702000.0
2018-03-12,000300.SH,4130.71,4127.67,140907000.0
2018-03-13,000300.SH,4124.33,4091.25,111766000.0
2018-03-14,000300.SH,4076.06,4073.34,99013400.0
2018-03-15,000300.SH,4058.71,4096.16,88161200.0
2018-03-16,000300.SH,4096.89,4056.42,84896200.0
2018-03-19,000300.SH,4054.62,4074.25,81502900.0
2018-03-20,000300.SH,4045.74,4077.7,80605300.0
2018-03-21,000300.SH,4097.02,4061.05,97609500.0
2018-03-22,000300.SH,4062.07,4020.35,89095300.0
2018-03-23,000300.SH,3896.74,3904.94,180080000.0
2018-03-26,000300.SH,3862.69,3879.89,115139000.0
2018-03-27,000300.SH,3927.49,3913.27,113701000.0
2018-03-28,000300.SH,3865.05,3842.72,101495000.0
2018-03-29,000300.SH,3854.59,3894.05,116629000.0
2018-03-30,000300.SH,3893.75,3898.5,97512300.0
2018-04-02,000300.SH,3897.01,3886.92,111243000.0
2018-04-03,000300.SH,3850.15,3862.48,95137400.0
2018-04-04,000300.SH,3873.63,3854.86,88730600.0
2018-04-09,000300.SH,3851.95,3852.93,84105500.0
2018-04-10,000300.SH,3860.72,3927.17,106174000.0
2018-04-11,000300.SH,3934.17,3938.34,111933000.0
2018-04-12,000300.SH,3935.67,3898.64,82699500.0
2018-04-13,000300.SH,3920.74,3871.14,71544200.0
2018-04-16,000300.SH,3862.47,3808.86,99217800.0
2018-04-17,000300.SH,3812.87,3748.64,90610800.0
2018-04-18,000300.SH,3785.31,3766.28,106677000.0
2018-04-19,000300.SH,3774.78,3811.84,99054100.0
2018-04-20,000300.SH,3801.21,3760.85,99282900.0
2018-04-23,000300.SH,3754.69,3766.33,90356300.0
2018-04-24,000300.SH,3769.88,3843.49,114220000.0
2018-04-25,000300.SH,3824.59,3828.7,78172600.0
2018-04-26,000300.SH,3823.39,3755.49,87150600.0
2018-04-27,000300.SH,3771.04,3756.88,89531700.0
2018-05-02,000300.SH,3769.93,3763.65,83301000.0
2018-05-03,000300.SH,3756.17,3793.0,93961100.0
2018-05-04,000300.SH,3784.32,3774.6,71554300.0
2018-05-07,000300.SH,3782.54,3834.19,87286200.0
2018-05-08,000300.SH,3834.61,3878.68,94215200.0
2018-05-09,000300.SH,3876.13,3871.62,66713000.0
2018-05-10,000300.SH,3882.84,3893.06,70667800.0
2018-05-11,000300.SH,3902.15,3872.84,73356600.0
2018-05-14,000300.SH,3886.87,3909.29,81976000.0
2018-05-15,000300.SH,3920.14,3924.1,76049600.0
2018-05-16,000300.SH,3909.82,3892.84,71913600.0
2018-05-17,000300.SH,3895.49,3864.05,59030100.0
2018-05-18,000300.SH,3860.16,3903.06,72614000.0
2018-05-21,000300.SH,3925.54,3921.24,92641700.0
2018-05-22,000300.SH,3918.82,3906.21,75368800.0
2018-05-23,000300.SH,3898.27,3854.58,83722300.0
2018-05-24,000300.SH,3853.29,3827.22,68345000.0
2018-05-25,000300.SH,3823.74,3816.5,70836400.0
2018-05-28,000300.SH,3816.26,3833.26,71521100.0
2018-05-29,000300.SH,3824.19,3804.01,81552700.0
2018-05-30,000300.SH,3755.18,3723.37,87913300.0
2018-05-31,000300.SH,3749.3,3802.38,92666900.0
2018-06-01,000300.SH,3789.67,3770.59,77821800.0
2018-06-04,000300.SH,3785.19,3807.58,76624300.0
2018-06-05,000300.SH,3811.29,3845.32,78687400.0
2018-06-06,000300.SH,3839.68,3837.35,73117200.0
2018-06-07,000300.SH,3846.94,3831.01,80256100.0
2018-06-08,000300.SH,3819.45,3779.62,83337300.0
2018-06-11,000300.SH,3770.21,3779.98,68709800.0
2018-06-12,000300.SH,3783.19,3825.95,73206200.0
2018-06-13,000300.SH,3814.62,3788.34,66378000.0
2018-06-14,000300.SH,3774.64,3773.37,68471300.0
2018-06-15,000300.SH,3763.04,3753.43,85488900.0
2018-06-19,000300.SH,3702.67,3621.12,160707000.0
2018-06-20,000300.SH,3602.55,3635.44,86718100.0
2018-06-21,000300.SH,3633.56,3592.97,93908600.0
2018-06-22,000300.SH,3567.89,3608.9,75117900.0
2018-06-25,000300.SH,3625.8,3560.48,79877100.0
2018-06-26,000300.SH,3521.59,3531.11,84985300.0
2018-06-27,000300.SH,3525.13,3459.26,81491800.0
2018-06-28,000300.SH,3434.94,3423.53,75918000.0
2018-06-29,000300.SH,3431.96,3510.98,77257000.0
2018-07-02,000300.SH,3504.46,3407.96,84351400.0
2018-07-03,000300.SH,3410.48,3409.28,95278700.0
2018-07-04,000300.SH,3398.78,3363.75,75158000.0
2018-07-05,000300.SH,3365.55,3342.44,81588000.0
2018-07-06,000300.SH,3347.06,3365.12,86097600.0
2018-07-09,000300.SH,3378.91,3459.18,76601500.0
2018-07-10,000300.SH,3464.91,3467.52,69548800.0
2018-07-11,000300.SH,3398.93,3407.53,72041000.0
2018-07-12,000300.SH,3403.33,3481.06,96353600.0
2018-07-13,000300.SH,3488.5,3492.69,72955900.0
2018-07-16,000300.SH,3488.97,3472.09,68282000.0
2018-07-17,000300.SH,3466.42,3449.38,61983100.0
2018-07-18,000300.SH,3456.61,3431.32,66530300.0
2018-07-19,000300.SH,3444.8,3428.34,68477700.0
2018-07-20,000300.SH,3426.46,3492.89,101985000.0
2018-07-23,000300.SH,3471.86,3525.75,119037000.0
2018-07-24,000300.SH,3530.66,3581.71,156912000.0
2018-07-25,000300.SH,3589.51,3577.75,96758500.0
2018-07-26,000300.SH,3583.32,3536.25,90349600.0
2018-07-27,000300.SH,3533.77,3521.23,70178100.0
2018-07-30,000300.SH,3520.85,3515.08,82117000.0
2018-07-31,000300.SH,3510.47,3517.66,67980800.0
2018-08-01,000300.SH,3530.03,3447.39,90348600.0
2018-08-02,000300.SH,3434.35,3370.96,101309000.0
2018-08-03,000300.SH,3366.66,3315.28,70796900.0
2018-08-06,000300.SH,3312.82,3273.27,77975100.0
2018-08-07,000300.SH,3284.98,3368.87,91783900.0
2018-08-08,000300.SH,3362.15,3314.51,79284900.0
2018-08-09,000300.SH,3303.48,3397.53,91957600.0
2018-08-10,000300.SH,3398.41,3405.02,68967300.0
2018-08-13,000300.SH,3369.98,3390.34,76191500.0
2018-08-14,000300.SH,3386.48,3372.91,60651400.0
2018-08-15,000300.SH,3371.96,3291.98,68174100.0
2018-08-16,000300.SH,3251.86,3276.73,76547400.0
2018-08-17,000300.SH,3305.9,3229.62,67395400.0
2018-08-20,000300.SH,3238.22,3267.25,70904200.0
2018-08-21,000300.SH,3271.84,3326.65,75205600.0
2018-08-22,000300.SH,3328.97,3307.95,50787100.0
2018-08-23,000300.SH,3308.46,3320.03,61112300.0
2018-08-24,000300.SH,3308.48,3325.33,63765900.0
2018-08-27,000300.SH,3339.39,3406.57,94270100.0
2018-08-28,000300.SH,3408.15,3400.17,75445400.0
2018-08-29,000300.SH,3393.05,3386.57,67020400.0
2018-08-30,000300.SH,3385.81,3351.09,68385300.0
2018-08-31,000300.SH,3333.38,3334.5,76205600.0
2018-09-03,000300.SH,3320.69,3321.82,66429900.0
2018-09-04,000300.SH,3324.19,3363.9,67088800.0
2018-09-05,000300.SH,3349.7,3298.14,64301900.0
2018-09-06,000300.SH,3286.66,3262.88,62300300.0
2018-09-07,000300.SH,3273.89,3277.64,63947400.0
2018-09-10,000300.SH,3271.38,3230.07,63817100.0
2018-09-11,000300.SH,3229.71,3224.21,58491300.0
2018-09-12,000300.SH,3216.99,3202.02,54627900.0
2018-09-13,000300.SH,3239.69,3236.57,67290300.0
2018-09-14,000300.SH,3242.83,3242.09,60130600.0
2018-09-17,000300.SH,3224.93,3204.92,52259500.0
2018-09-18,000300.SH,3193.64,3269.43,70425000.0
2018-09-19,000300.SH,3262.0,3312.48,89170700.0
2018-09-20,000300.SH,3314.88,3310.13,64561100.0
2018-09-21,000300.SH,3320.7,3410.49,108416000.0
2018-09-25,000300.SH,3375.97,3379.8,69054700.0
2018-09-26,000300.SH,3388.56,3417.24,93173300.0
2018-09-27,000300.SH,3415.95,3403.59,69765200.0
2018-09-28,000300.SH,3409.96,3438.86,84377800.0
2018-10-08,000300.SH,3361.56,3290.9,97889000.0
2018-10-09,000300.SH,3290.17,3288.69,66723300.0
2018-10-10,000300.SH,3295.43,3281.6,64492800.0
2018-10-11,000300.SH,3179.54,3124.11,120941000.0
2018-10-12,000300.SH,3123.37,3170.73,98611200.0
2018-10-15,000300.SH,3173.85,3126.45,69605000.0
2018-10-16,000300.SH,3128.58,3100.97,68887700.0
2018-10-17,000300.SH,3140.68,3118.25,76837100.0
2018-10-18,000300.SH,3097.79,3044.39,73772000.0
2018-10-19,000300.SH,3017.75,3134.95,98839700.0
2018-10-22,000300.SH,3159.56,3270.27,145862000.0
2018-10-23,000300.SH,3273.13,3183.43,121013000.0
2018-10-24,000300.SH,3169.46,3188.2,110910000.0
2018-10-25,000300.SH,3107.84,3194.31,106952000.0
2018-10-26,000300.SH,3204.28,3173.64,101299000.0
2018-10-29,000300.SH,3157.49,3076.89,91839800.0
2018-10-30,000300.SH,3061.93,3110.26,116070000.0
2018-10-31,000300.SH,3116.66,3153.82,111207000.0
2018-11-01,000300.SH,3185.2,3177.03,132653000.0
2018-11-02,000300.SH,3258.61,3290.25,153466000.0
2018-11-05,000300.SH,3269.47,3262.84,109707000.0
2018-11-06,000300.SH,3254.98,3243.15,83869100.0
2018-11-07,000300.SH,3243.88,3221.91,91615500.0
2018-11-08,000300.SH,3251.73,3212.77,76414500.0
2018-11-09,000300.SH,3193.3,3167.44,84282800.0
2018-11-12,000300.SH,3160.25,3205.14,88062400.0
2018-11-13,000300.SH,3164.92,3237.38,126493000.0
2018-11-14,000300.SH,3233.64,3204.94,113809000.0
2018-11-15,000300.SH,3201.28,3242.37,98558800.0
2018-11-16,000300.SH,3242.88,3257.67,126877000.0
2018-11-19,000300.SH,3258.79,3294.6,115957000.0
2018-11-20,000300.SH,3268.08,3218.41,109361000.0
2018-11-21,000300.SH,3187.1,3226.49,84119700.0
2018-11-22,000300.SH,3232.97,3214.43,65098300.0
2018-11-23,000300.SH,3208.59,3143.48,84638300.0
2018-11-26,000300.SH,3148.67,3141.24,59379100.0
2018-11-27,000300.SH,3152.77,3137.24,55407800.0
2018-11-28,000300.SH,3137.75,3178.93,74882000.0
2018-11-29,000300.SH,3198.83,3137.65,80498500.0
2018-11-30,000300.SH,3136.2,3172.69,70921000.0
2018-12-03,000300.SH,3260.69,3260.95,121487000.0
2018-12-04,000300.SH,3256.23,3267.71,79415000.0
2018-12-05,000300.SH,3224.26,3252.0,76153100.0
2018-12-06,000300.SH,3218.11,3181.67,76328800.0
2018-12-07,000300.SH,3187.49,3181.56,53361900.0
2018-12-10,000300.SH,3153.52,3144.76,63437300.0
2018-12-11,000300.SH,3148.23,3159.82,53223900.0
2018-12-12,000300.SH,3181.57,3170.61,53309900.0
2018-12-13,000300.SH,3178.89,3219.69,90442800.0
2018-12-14,000300.SH,3207.35,3165.91,84301200.0
2018-12-17,000300.SH,3158.28,3161.2,66497000.0
2018-12-18,000300.SH,3139.95,3128.43,63820300.0
2018-12-19,000300.SH,3133.74,3091.13,55522300.0
2018-12-20,000300.SH,3083.54,3067.42,69749500.0
2018-12-21,000300.SH,3055.33,3029.4,76758100.0
2018-12-24,000300.SH,3015.5,3038.2,57299600.0
2018-12-25,000300.SH,3006.88,3017.28,78689400.0
2018-12-26,000300.SH,3012.87,3002.03,55647000.0
2018-12-27,000300.SH,3042.95,2990.51,80541800.0
2018-12-28,000300.SH,2994.79,3010.65,71053800.0
2019-01-02,000300.SH,3017.07,2969.54,68663000.0
2019-01-03,000300.SH,2963.02,2964.84,70867100.0
2019-01-04,000300.SH,2940.19,3035.87,103319000.0
2019-01-07,000300.SH,3055.15,3054.3,101164000.0
2019-01-08,000300.SH,3049.87,3047.7,86170600.0
2019-01-09,000300.SH,3065.23,3078.48,107364000.0
2019-01-10,000300.SH,3077.48,3072.69,85271800.0
2019-01-11,000300.SH,3082.26,3094.78,71786400.0
2019-01-14,000300.SH,3092.5,3067.78,66121700.0
2019-01-15,000300.SH,3071.52,3127.99,88773000.0
2019-01-16,000300.SH,3126.13,3128.65,80214300.0
2019-01-17,000300.SH,3132.63,3111.42,80174900.0
2019-01-18,000300.SH,3124.5,3168.17,103964000.0
2019-01-21,000300.SH,3170.88,3185.64,93915000.0
2019-01-22,000300.SH,3181.95,3143.32,72990500.0
2019-01-23,000300.SH,3136.1,3141.05,59870500.0
2019-01-24,000300.SH,3146.6,3158.78,72934600.0
2019-01-25,000300.SH,3165.18,3184.47,83967700.0
2019-01-28,000300.SH,3203.12,3183.78,82622400.0
2019-01-29,000300.SH,3177.26,3193.97,77658300.0
2019-01-30,000300.SH,3181.66,3168.48,63746500.0
2019-01-31,000300.SH,3182.7,3201.63,86247800.0
2019-02-01,000300.SH,3225.73,3247.4,82019600.0
2019-02-11,000300.SH,3239.81,3306.47,98818400.0
2019-02-12,000300.SH,3306.35,3330.34,122232000.0
2019-02-13,000300.SH,3337.78,3397.03,163828000.0
2019-02-14,000300.SH,3392.85,3402.14,151127000.0
2019-02-15,000300.SH,3391.24,3338.7,143669000.0
2019-02-18,000300.SH,3366.42,3445.74,182886000.0
2019-02-19,000300.SH,3454.72,3439.61,179084000.0
2019-02-20,000300.SH,3449.93,3451.93,147390000.0
2019-02-21,000300.SH,3450.14,3442.71,180143000.0
2019-02-22,000300.SH,3439.38,3520.12,187238000.0
2019-02-25,000300.SH,3575.85,3729.48,342557000.0
2019-02-26,000300.SH,3734.71,3684.69,358039000.0
2019-02-27,000300.SH,3682.81,3678.39,286236000.0
2019-02-28,000300.SH,3675.26,3669.37,184810000.0
2019-03-01,000300.SH,3699.22,3749.71,204711000.0
2019-03-04,000300.SH,3783.04,3794.1,323490000.0
2019-03-05,000300.SH,3785.38,3816.01,230853000.0
2019-03-06,000300.SH,3822.86,3848.09,318077000.0
2019-03-07,000300.SH,3841.15,3808.85,329847000.0
2019-03-08,000300.SH,3721.4,3657.58,317990000.0
2019-03-11,000300.SH,3663.98,3729.95,230913000.0
2019-03-12,000300.SH,3758.32,3755.35,274926000.0
2019-03-13,000300.SH,3758.71,3724.19,233682000.0
2019-03-14,000300.SH,3710.29,3698.49,190817000.0
2019-03-15,000300.SH,3713.94,3745.0,175175000.0
2019-03-18,000300.SH,3753.64,3851.75,216928000.0
2019-03-19,000300.SH,3856.59,3833.96,181727000.0
2019-03-20,000300.SH,3825.34,3835.44,175632000.0
2019-03-21,000300.SH,3840.28,3836.89,196310000.0
2019-03-22,000300.SH,3838.13,3833.8,171357000.0
2019-03-25,000300.SH,3776.44,3742.83,198586000.0
2019-03-26,000300.SH,3766.53,3700.44,173047000.0
2019-03-27,000300.SH,3724.41,3743.39,138758000.0
2019-03-28,000300.SH,3731.06,3728.4,133272000.0
2019-03-29,000300.SH,3739.77,3872.34,215639000.0
2019-04-01,000300.SH,3901.17,3973.93,271383000.0
2019-04-02,000300.SH,3986.34,3971.29,226000000.0
2019-04-03,000300.SH,3947.87,4022.16,231917000.0
2019-04-04,000300.SH,4039.74,4062.23,260411000.0
2019-04-08,000300.SH,4097.1,4057.23,267506000.0
2019-04-09,000300.SH,4063.81,4075.43,182957000.0
2019-04-10,000300.SH,4062.44,4085.85,194688000.0
2019-04-11,000300.SH,4083.46,3997.58,169050000.0
2019-04-12,000300.SH,3986.78,3988.62,135862000.0
2019-04-15,000300.SH,4056.49,3975.52,182646000.0
2019-04-16,000300.SH,3958.1,4085.79,202042000.0
2019-04-17,000300.SH,4080.72,4087.24,180367000.0
2019-04-18,000300.SH,4085.11,4072.08,146562000.0
2019-04-19,000300.SH,4076.3,4120.61,150795000.0
2019-04-22,000300.SH,4125.97,4025.61,189354000.0
2019-04-23,000300.SH,4021.63,4019.01,155612000.0
2019-04-24,000300.SH,4033.63,4030.09,145499000.0
2019-04-25,000300.SH,4013.6,3941.82,159722000.0
2019-04-26,000300.SH,3921.89,3889.27,142008000.0
2019-04-29,000300.SH,3896.58,3900.33,153871000.0
2019-04-30,000300.SH,3887.18,3913.21,116233000.0
2019-05-06,000300.SH,3775.08,3684.62,197473000.0
2019-05-07,000300.SH,3702.27,3720.67,132848000.0
2019-05-08,000300.SH,3648.55,3667.46,112867000.0
2019-05-09,000300.SH,3637.35,3599.7,101037000.0
2019-05-10,000300.SH,3643.06,3730.45,148004000.0
2019-05-13,000300.SH,3675.76,3668.73,103392000.0
2019-05-14,000300.SH,3630.44,3645.15,102313000.0
2019-05-15,000300.SH,3674.99,3727.09,110162000.0
2019-05-16,000300.SH,3720.04,3743.96,116258000.0
2019-05-17,000300.SH,3744.88,3648.76,128453000.0
2019-05-20,000300.SH,3635.74,3617.79,108963000.0
2019-05-21,000300.SH,3619.44,3666.78,111023000.0
2019-05-22,000300.SH,3663.15,3649.38,98346100.0
2019-05-23,000300.SH,3629.53,3583.96,99897800.0
2019-05-24,000300.SH,3584.9,3593.91,80934000.0
2019-05-27,000300.SH,3592.6,3637.2,108831000.0
2019-05-28,000300.SH,3633.02,3672.26,117886000.0
2019-05-29,000300.SH,3642.54,3663.91,93355400.0
2019-05-30,000300.SH,3648.85,3641.18,94202600.0
2019-05-31,000300.SH,3641.0,3629.79,89222300.0
2019-06-03,000300.SH,3640.61,3632.01,100723000.0
2019-06-04,000300.SH,3632.56,3598.47,87097100.0
2019-06-05,000300.SH,3627.79,3597.1,88642000.0
2019-06-06,000300.SH,3601.04,3564.68,85534400.0
2019-06-10,000300.SH,3578.01,3610.74,92375100.0
2019-06-11,000300.SH,3617.52,3719.28,143483000.0
2019-06-12,000300.SH,3706.86,3691.1,119179000.0
2019-06-13,000300.SH,3689.58,3685.39,96331700.0
2019-06-14,000300.SH,3690.48,3654.88,101817000.0
2019-06-17,000300.SH,3654.44,3654.82,72976700.0
2019-06-18,000300.SH,3661.13,3667.62,70692300.0
2019-06-19,000300.SH,3761.34,3715.94,125596000.0
2019-06-20,000300.SH,3718.94,3828.52,168872000.0
2019-06-21,000300.SH,3832.73,3833.94,153635000.0
2019-06-24,000300.SH,3836.31,3841.27,100085000.0
2019-06-25,000300.SH,3837.43,3801.31,124076000.0
2019-06-26,000300.SH,3779.51,3794.33,81820300.0
2019-06-27,000300.SH,3807.54,3834.82,105316000.0
2019-06-28,000300.SH,3832.06,3825.59,84766100.0
2019-07-01,000300.SH,3899.33,3935.81,158370000.0
2019-07-02,000300.SH,3931.05,3937.17,131863000.0
2019-07-03,000300.SH,3927.44,3893.53,111993000.0
2019-07-04,000300.SH,3895.2,3873.1,99342300.0
2019-07-05,000300.SH,3875.37,3893.2,74006500.0
2019-07-08,000300.SH,3875.75,3802.79,109539000.0
2019-07-09,000300.SH,3798.1,3793.13,74842700.0
2019-07-10,000300.SH,3807.95,3786.74,72834000.0
2019-07-11,000300.SH,3806.19,3785.22,75312000.0
2019-07-12,000300.SH,3783.07,3808.73,75466000.0
2019-07-15,000300.SH,3792.64,3824.19,101205000.0
2019-07-16,000300.SH,3819.25,3806.84,80731000.0
2019-07-17,000300.SH,3800.11,3804.64,95183900.0
2019-07-18,000300.SH,3793.19,3768.4,87496400.0
2019-07-19,000300.SH,3787.51,3807.96,88086200.0
2019-07-22,000300.SH,3813.5,3781.68,92101400.0
2019-07-23,000300.SH,3783.54,3789.91,71313300.0
2019-07-24,000300.SH,3803.59,3819.83,90940700.0
2019-07-25,000300.SH,3821.39,3851.07,93740400.0
2019-07-26,000300.SH,3835.23,3858.57,83259300.0
2019-07-29,000300.SH,3857.94,3854.27,84814400.0
2019-07-30,000300.SH,3861.57,3870.32,94124000.0
2019-07-31,000300.SH,3856.75,3835.36,82151200.0
2019-08-01,000300.SH,3819.32,3803.47,84114200.0
2019-08-02,000300.SH,3729.13,3747.44,108336000.0
2019-08-05,000300.SH,3724.41,3675.69,101326000.0
2019-08-06,000300.SH,3609.11,3636.33,129834000.0
2019-08-07,000300.SH,3654.63,3621.43,84238700.0
2019-08-08,000300.SH,3651.36,3669.29,88457700.0
2019-08-09,000300.SH,3686.75,3633.53,85295600.0
2019-08-12,000300.SH,3647.87,3699.1,82083100.0
2019-08-13,000300.SH,3675.59,3665.75,76500300.0
2019-08-14,000300.SH,3712.07,3682.4,91202600.0
2019-08-15,000300.SH,3618.01,3694.0,88598800.0
2019-08-16,000300.SH,3697.94,3710.54,88319200.0
2019-08-19,000300.SH,3736.03,3791.09,139327000.0
2019-08-20,000300.SH,3786.03,3787.73,108602000.0
2019-08-21,000300.SH,3778.31,3781.76,82299900.0
2019-08-22,000300.SH,3793.86,3793.51,85807800.0
2019-08-23,000300.SH,3796.88,3820.86,87954600.0
2019-08-26,000300.SH,3756.36,3765.91,93859300.0
2019-08-27,000300.SH,3791.46,3816.95,124731000.0
2019-08-28,000300.SH,3818.81,3802.58,88750800.0
2019-08-29,000300.SH,3805.49,3790.19,84083400.0
2019-08-30,000300.SH,3816.68,3799.59,96695200.0
2019-09-02,000300.SH,3803.69,3848.32,110289000.0
2019-09-03,000300.SH,3852.58,3853.61,97714600.0
2019-09-04,000300.SH,3848.65,3886.0,126629000.0
2019-09-05,000300.SH,3909.21,3925.32,181656000.0
2019-09-06,000300.SH,3946.69,3948.51,121882000.0
2019-09-09,000300.SH,3980.96,3972.95,146810000.0
2019-09-10,000300.SH,3976.87,3959.26,130889000.0
2019-09-11,000300.SH,3969.68,3930.1,131595000.0
2019-09-12,000300.SH,3944.69,3972.38,110241000.0
2019-09-16,000300.SH,3981.36,3957.72,110260000.0
2019-09-17,000300.SH,3947.16,3891.22,113694000.0
2019-09-18,000300.SH,3902.99,3910.08,82056200.0
2019-09-19,000300.SH,3923.96,3924.38,85984200.0
2019-09-20,000300.SH,3933.46,3935.65,103456000.0
2019-09-23,000300.SH,3925.19,3890.66,94036200.0
2019-09-24,000300.SH,3895.87,3901.08,87783200.0
2019-09-25,000300.SH,3887.55,3870.98,89520800.0
2019-09-26,000300.SH,3884.7,3841.14,102698000.0
2019-09-27,000300.SH,3843.46,3852.65,74003900.0
2019-09-30,000300.SH,3842.07,3814.53,65931300.0
2019-10-08,000300.SH,3818.59,3837.68,76657900.0
2019-10-09,000300.SH,3822.61,3843.24,75854500.0
2019-10-10,000300.SH,3838.49,3874.64,79222700.0
2019-10-11,000300.SH,3885.52,3911.73,93412600.0
2019-10-14,000300.SH,3944.86,3953.24,122394000.0
2019-10-15,000300.SH,3953.16,3936.25,85274000.0
2019-10-16,000300.SH,3939.28,3922.69,83229700.0
2019-10-17,000300.SH,3929.39,3925.22,64863700.0
2019-10-18,000300.SH,3935.42,3869.38,82321100.0
2019-10-21,000300.SH,3865.34,3880.84,74182900.0
2019-10-22,000300.SH,3896.31,3895.88,68918600.0
2019-10-23,000300.SH,3892.68,3871.08,70198600.0
2019-10-24,000300.SH,3877.92,3870.67,71334600.0
2019-10-25,000300.SH,3871.77,3896.79,77453600.0
2019-10-28,000300.SH,3904.98,3926.58,97406000.0
2019-10-29,000300.SH,3929.71,3910.23,82257100.0
2019-10-30,000300.SH,3904.72,3891.23,77872900.0
2019-10-31,000300.SH,3906.86,3886.75,86714500.0
2019-11-01,000300.SH,3883.81,3952.39,100690000.0
2019-11-04,000300.SH,3964.01,3978.12,104194000.0
2019-11-05,000300.SH,3982.12,4002.81,112912000.0
2019-11-06,000300.SH,4006.33,3984.88,97313000.0
2019-11-07,000300.SH,3984.55,3991.88,87254900.0
2019-11-08,000300.SH,4017.67,3973.01,97106900.0
2019-11-11,000300.SH,3948.62,3902.98,94155600.0
2019-11-12,000300.SH,3905.96,3903.69,76543100.0
2019-11-13,000300.SH,3905.28,3899.98,76749100.0
2019-11-14,000300.SH,3905.93,3905.86,87008400.0
2019-11-15,000300.SH,3908.49,3877.09,83730900.0
2019-11-18,000300.SH,3874.44,3907.93,76646000.0
2019-11-19,000300.SH,3904.1,3947.04,82161000.0
2019-11-20,000300.SH,3940.13,3907.86,76815300.0
2019-11-21,000300.SH,3894.54,3889.6,69130500.0
2019-11-22,000300.SH,3894.17,3849.99,91042600.0
2019-11-25,000300.SH,3850.97,3878.21,106066000.0
2019-11-26,000300.SH,3893.43,3891.65,111514000.0
2019-11-27,000300.SH,3883.43,3875.62,76437300.0
2019-11-28,000300.SH,3877.9,3862.3,65230100.0
2019-11-29,000300.SH,3857.19,3828.67,74144300.0
2019-12-02,000300.SH,3835.51,3836.06,77412200.0
2019-12-03,000300.SH,3829.21,3851.09,73611200.0
2019-12-04,000300.SH,3841.66,3849.82,79683400.0
2019-12-05,000300.SH,3863.61,3879.36,89051200.0
2019-12-06,000300.SH,3885.06,3902.39,78648900.0
2019-12-09,000300.SH,3909.53,3895.45,95353800.0
2019-12-10,000300.SH,3886.44,3900.38,86262900.0
2019-12-11,000300.SH,3907.16,3902.75,99765500.0
2019-12-12,000300.SH,3908.45,3891.02,84708300.0
2019-12-13,000300.SH,3928.0,3968.22,148571000.0
2019-12-16,000300.SH,3970.71,3987.55,148487000.0
2019-12-17,000300.SH,3987.74,4041.8,201163000.0
2019-12-18,000300.SH,4039.72,4032.78,151352000.0
2019-12-19,000300.SH,4034.62,4027.15,117901000.0
2019-12-20,000300.SH,4032.15,4017.25,121268000.0
2019-12-23,000300.SH,4014.69,3967.1,122816000.0
2019-12-24,000300.SH,3971.56,3992.96,95989000.0
2019-12-25,000300.SH,3988.66,3990.87,94938900.0
2019-12-26,000300.SH,3993.67,4025.99,108861000.0
2019-12-27,000300.SH,4029.25,4022.03,150926000.0
2019-12-30,000300.SH,4015.52,4081.63,155971000.0
2019-12-31,000300.SH,4077.75,4096.58,123264000.0
2020-01-02,000300.SH,4121.35,4152.24,182117000.0
2020-01-03,000300.SH,4161.22,4144.96,142826000.0
2020-01-06,000300.SH,4120.52,4129.3,175310000.0
2020-01-07,000300.SH,4137.4,4160.23,139489000.0
2020-01-08,000300.SH,4139.63,4112.32,167586000.0
2020-01-09,000300.SH,4145.53,4164.37,136886000.0
2020-01-10,000300.SH,4177.58,4163.19,113032000.0
2020-01-13,000300.SH,4166.93,4203.99,119692000.0
2020-01-14,000300.SH,4215.16,4189.89,129321000.0
2020-01-15,000300.SH,4186.88,4166.73,104633000.0
2020-01-16,000300.SH,4174.82,4149.04,100268000.0
2020-01-17,000300.SH,4162.19,4154.85,98725700.0
2020-01-20,000300.SH,4170.74,4185.83,122409000.0
2020-01-21,000300.SH,4165.02,4114.31,130528000.0
2020-01-22,000300.SH,4093.8,4131.93,126759000.0
2020-01-23,000300.SH,4093.32,4003.9,160358000.0
2020-02-03,000300.SH,3639.91,3688.36,157560000.0
2020-02-04,000300.SH,3652.0,3785.64,213933000.0
2020-02-05,000300.SH,3801.1,3828.53,174926000.0
2020-02-06,000300.SH,3841.75,3899.78,176462000.0
2020-02-07,000300.SH,3879.55,3899.87,151732000.0
2020-02-10,000300.SH,3872.37,3916.01,148407000.0
2020-02-11,000300.SH,3926.42,3952.46,143442000.0
2020-02-12,000300.SH,3945.67,3984.43,126710000.0
2020-02-13,000300.SH,3985.88,3959.92,145002000.0
2020-02-14,000300.SH,3954.23,3987.73,143240000.0
2020-02-17,000300.SH,3999.65,4077.42,182779000.0
2020-02-18,000300.SH,4069.83,4057.51,163236000.0
2020-02-19,000300.SH,4049.59,4051.31,169046000.0
2020-02-20,000300.SH,4062.9,4144.66,212233000.0
2020-02-21,000300.SH,4134.87,4149.49,217214000.0
2020-02-24,000300.SH,4131.84,4132.84,212869000.0
2020-02-25,000300.SH,4066.3,4123.85,244168000.0
2020-02-26,000300.SH,4070.1,4073.02,261094000.0
2020-02-27,000300.SH,4084.08,4084.88,181291000.0
2020-02-28,000300.SH,3988.73,3940.05,230275000.0
2020-03-02,000300.SH,3968.84,4069.67,219314000.0
2020-03-03,000300.SH,4125.14,4091.36,219370000.0
2020-03-04,000300.SH,4078.5,4115.05,182425000.0
2020-03-05,000300.SH,4150.21,4206.73,231823000.0
2020-03-06,000300.SH,4158.2,4138.51,172476000.0
2020-03-09,000300.SH,4063.08,3997.13,208102000.0
2020-03-10,000300.SH,3975.23,4082.73,197416000.0
2020-03-11,000300.SH,4090.93,4028.43,161656000.0
2020-03-12,000300.SH,3976.11,3950.91,157060000.0
2020-03-13,000300.SH,3771.01,3895.31,188297000.0
2020-03-16,000300.SH,3899.86,3727.84,185968000.0
2020-03-17,000300.SH,3739.78,3709.68,166246000.0
2020-03-18,000300.SH,3729.69,3636.26,155038000.0
2020-03-19,000300.SH,3623.79,3589.09,180807000.0
2020-03-20,000300.SH,3629.51,3653.22,139603000.0
2020-03-23,000300.SH,3542.68,3530.31,137109000.0
2020-03-24,000300.SH,3598.65,3625.11,143103000.0
2020-03-25,000300.SH,3711.48,3722.52,153496000.0
2020-03-26,000300.SH,3692.61,3698.05,112311000.0
2020-03-27,000300.SH,3746.39,3710.06,124061000.0
2020-03-30,000300.SH,3657.46,3674.11,126877000.0
2020-03-31,000300.SH,3708.14,3686.16,111453000.0
2020-04-01,000300.SH,3682.3,3675.08,119353000.0
2020-04-02,000300.SH,3656.32,3734.53,115168000.0
2020-04-03,000300.SH,3721.48,3713.22,99825100.0
2020-04-07,000300.SH,3779.91,3798.02,142778000.0
2020-04-08,000300.SH,3776.42,3780.34,111390000.0
2020-04-09,000300.SH,3798.49,3792.81,100485000.0
2020-04-10,000300.SH,3794.84,3769.18,102445000.0
2020-04-13,000300.SH,3751.71,3753.26,79053300.0
2020-04-14,000300.SH,3777.83,3825.7,110638000.0
2020-04-15,000300.SH,3820.85,3797.36,108462000.0
2020-04-16,000300.SH,3777.8,3802.38,95948000.0
2020-04-17,000300.SH,3831.92,3839.49,132004000.0
2020-04-20,000300.SH,3845.46,3853.46,100013000.0
2020-04-21,000300.SH,3838.23,3808.05,102922000.0
2020-04-22,000300.SH,3789.13,3839.38,85899500.0
2020-04-23,000300.SH,3851.91,3829.75,95508400.0
2020-04-24,000300.SH,3826.31,3796.97,94844100.0
2020-04-27,000300.SH,3808.02,3822.77,95462700.0
2020-04-28,000300.SH,3835.35,3849.15,122093000.0
2020-04-29,000300.SH,3837.51,3867.03,95854600.0
2020-04-30,000300.SH,3880.41,3912.58,132917000.0
2020-05-06,000300.SH,3867.26,3936.25,139856000.0
2020-05-07,000300.SH,3937.59,3924.89,105515000.0
2020-05-08,000300.SH,3943.0,3963.62,116943000.0
2020-05-11,000300.SH,3974.76,3960.18,122674000.0
2020-05-12,000300.SH,3961.34,3960.24,98250600.0
2020-05-13,000300.SH,3946.64,3968.25,88190700.0
2020-05-14,000300.SH,3952.2,3925.22,88530000.0
2020-05-15,000300.SH,3941.12,3912.82,92618400.0
2020-05-18,000300.SH,3914.66,3922.91,112802000.0
2020-05-19,000300.SH,3963.78,3956.25,94015300.0
2020-05-20,000300.SH,3955.71,3935.22,100791000.0
2020-05-21,000300.SH,3950.6,3913.79,94861000.0
2020-05-22,000300.SH,3907.58,3824.06,103378000.0
2020-05-25,000300.SH,3828.32,3829.32,79033300.0
2020-05-26,000300.SH,3850.0,3872.77,77448100.0
2020-05-27,000300.SH,3873.7,3845.61,83711800.0
2020-05-28,000300.SH,3848.49,3856.63,93064100.0
2020-05-29,000300.SH,3838.38,3867.02,93813800.0
2020-06-01,000300.SH,3901.73,3971.34,136457000.0
2020-06-02,000300.SH,3969.95,3983.57,144303000.0
2020-06-03,000300.SH,4001.17,3983.65,136597000.0
2020-06-04,000300.SH,3998.16,3982.19,104278000.0
2020-06-05,000300.SH,3988.22,4001.25,102444000.0
2020-06-08,000300.SH,4023.61,4021.95,137926000.0
2020-06-09,000300.SH,4027.56,4047.03,115304000.0
2020-06-10,000300.SH,4046.23,4039.71,112266000.0
2020-06-11,000300.SH,4031.74,3995.88,127309000.0
2020-06-12,000300.SH,3931.62,4003.08,134167000.0
2020-06-15,000300.SH,3982.97,3954.99,131298000.0
2020-06-16,000300.SH,3995.58,4014.57,111052000.0
2020-06-17,000300.SH,4018.61,4017.59,105606000.0
2020-06-18,000300.SH,4009.78,4044.38,138149000.0
2020-06-19,000300.SH,4047.05,4098.71,152947000.0
2020-06-22,000300.SH,4097.51,4102.05,155829000.0
2020-06-23,000300.SH,4098.04,4121.79,129230000.0
2020-06-24,000300.SH,4128.1,4138.99,121712000.0
2020-06-29,000300.SH,4127.93,4109.72,130866000.0
2020-06-30,000300.SH,4130.0,4163.96,125934000.0
2020-07-01,000300.SH,4172.64,4247.78,169990000.0
2020-07-02,000300.SH,4239.41,4335.84,252939000.0
2020-07-03,000300.SH,4353.19,4419.6,290486000.0
2020-07-06,000300.SH,4465.81,4670.09,405821000.0
2020-07-07,000300.SH,4739.61,4698.13,406009000.0
2020-07-08,000300.SH,4692.86,4774.0,348075000.0
2020-07-09,000300.SH,4770.08,4840.77,351047000.0
2020-07-10,000300.SH,4796.09,4753.13,316950000.0
2020-07-13,000300.SH,4742.37,4852.96,321645000.0
2020-07-14,000300.SH,4836.17,4806.69,297242000.0
2020-07-15,000300.SH,4821.52,4744.47,272389000.0
2020-07-16,000300.SH,4741.53,4516.25,284657000.0
2020-07-17,000300.SH,4524.77,4544.7,207376000.0
2020-07-20,000300.SH,4597.2,4680.3,246069000.0
2020-07-21,000300.SH,4697.5,4691.04,200416000.0
2020-07-22,000300.SH,4682.66,4714.45,224199000.0
2020-07-23,000300.SH,4668.74,4712.44,234315000.0
2020-07-24,000300.SH,4679.03,4505.59,243905000.0
2020-07-27,000300.SH,4535.01,4528.45,171421000.0
2020-07-28,000300.SH,4567.67,4568.26,162768000.0
2020-07-29,000300.SH,4559.16,4679.01,186695000.0
2020-07-30,000300.SH,4689.76,4656.15,166968000.0
2020-07-31,000300.SH,4652.18,4695.05,184839000.0
2020-08-03,000300.SH,4735.9,4771.31,214776000.0
2020-08-04,000300.SH,4778.49,4775.8,239975000.0
2020-08-05,000300.SH,4761.76,4777.11,196701000.0
2020-08-06,000300.SH,4779.24,4762.76,227854000.0
2020-08-07,000300.SH,4742.29,4707.93,213518000.0
2020-08-10,000300.SH,4681.76,4724.87,203789000.0
2020-08-11,000300.SH,4730.38,4681.78,205547000.0
2020-08-12,000300.SH,4668.89,4647.64,202887000.0
2020-08-13,000300.SH,4666.49,4635.71,152550000.0
2020-08-14,000300.SH,4627.61,4704.63,147293000.0
2020-08-17,000300.SH,4727.12,4815.23,268002000.0
2020-08-18,000300.SH,4816.57,4812.76,189140000.0
2020-08-19,000300.SH,4804.67,4740.68,192443000.0
2020-08-20,000300.SH,4708.13,4679.15,158369000.0
2020-08-21,000300.SH,4717.79,4718.84,142658000.0
2020-08-24,000300.SH,4746.4,4755.85,151144000.0
2020-08-25,000300.SH,4769.21,4761.95,141701000.0
2020-08-26,000300.SH,4761.72,4706.13,151305000.0
2020-08-27,000300.SH,4718.06,4731.35,119043000.0
2020-08-28,000300.SH,4727.29,4844.27,159400000.0
2020-08-31,000300.SH,4870.93,4816.22,202567000.0
2020-09-01,000300.SH,4803.39,4842.12,138395000.0
2020-09-02,000300.SH,4859.08,4843.89,157990000.0
2020-09-03,000300.SH,4841.5,4817.1,145671000.0
2020-09-04,000300.SH,4737.24,4770.22,120033000.0
2020-09-07,000300.SH,4759.52,4669.37,148608000.0
2020-09-08,000300.SH,4683.83,4694.39,139199000.0
2020-09-09,000300.SH,4634.25,4584.59,162277000.0
2020-09-10,000300.SH,4632.1,4581.98,150653000.0
2020-09-11,000300.SH,4572.26,4627.28,115302000.0
2020-09-14,000300.SH,4652.05,4651.05,107235000.0
2020-09-15,000300.SH,4649.45,4688.48,101916000.0
2020-09-16,000300.SH,4683.01,4657.36,108754000.0
2020-09-17,000300.SH,4642.05,4632.71,105984000.0
2020-09-18,000300.SH,4636.64,4737.09,160426000.0
2020-09-21,000300.SH,4750.75,4691.43,124536000.0
2020-09-22,000300.SH,4654.22,4635.76,119673000.0
2020-09-23,000300.SH,4639.66,4652.33,95826500.0
2020-09-24,000300.SH,4623.95,4563.07,112594000.0
2020-09-25,000300.SH,4582.48,4570.02,93015200.0
2020-09-28,000300.SH,4582.65,4581.91,85048400.0
2020-09-29,000300.SH,4608.29,4591.8,85993900.0
2020-09-30,000300.SH,4607.58,4587.4,89081200.0
2020-10-09,000300.SH,4663.61,4681.14,111338000.0
2020-10-12,000300.SH,4705.19,4823.16,155785000.0
2020-10-13,000300.SH,4812.9,4839.2,116516000.0
2020-10-14,000300.SH,4830.46,4807.1,111907000.0
2020-10-15,000300.SH,4810.78,4798.74,109965000.0
2020-10-16,000300.SH,4798.92,4791.68,116716000.0
2020-10-19,000300.SH,4823.49,4755.49,129246000.0
2020-10-20,000300.SH,4751.37,4793.47,98048200.0
2020-10-21,000300.SH,4801.63,4792.83,103806000.0
2020-10-22,000300.SH,4780.6,4777.98,101351000.0
2020-10-23,000300.SH,4775.47,4718.49,106825000.0
2020-10-26,000300.SH,4684.05,4691.24,108343000.0
2020-10-27,000300.SH,4680.14,4699.28,92656300.0
2020-10-28,000300.SH,4703.0,4737.27,108463000.0
2020-10-29,000300.SH,4683.61,4772.92,117117000.0
2020-10-30,000300.SH,4776.47,4695.33,139802000.0
2020-11-02,000300.SH,4702.75,4720.83,142868000.0
2020-11-03,000300.SH,4743.17,4777.56,136055000.0
2020-11-04,000300.SH,4781.45,4813.66,114662000.0
2020-11-05,000300.SH,4861.34,4885.11,139245000.0
2020-11-06,000300.SH,4897.63,4885.72,153639000.0
2020-11-09,000300.SH,4918.86,4981.35,197132000.0
2020-11-10,000300.SH,4995.41,4953.88,176267000.0
2020-11-11,000300.SH,4937.76,4904.9,164471000.0
2020-11-12,000300.SH,4916.77,4908.46,118115000.0
2020-11-13,000300.SH,4886.98,4856.85,133693000.0
2020-11-16,000300.SH,4880.96,4904.17,148771000.0
2020-11-17,000300.SH,4903.12,4894.79,151487000.0
2020-11-18,000300.SH,4889.67,4891.67,164217000.0
2020-11-19,000300.SH,4880.92,4927.99,133681000.0
2020-11-20,000300.SH,4928.22,4943.29,129400000.0
2020-11-23,000300.SH,4954.6,5005.03,205915000.0
2020-11-24,000300.SH,4997.05,4974.29,156638000.0
2020-11-25,000300.SH,4992.75,4910.7,170341000.0
2020-11-26,000300.SH,4908.32,4919.59,137202000.0
2020-11-27,000300.SH,4930.59,4980.77,162953000.0
2020-11-30,000300.SH,4994.11,4960.25,262639000.0
2020-12-01,000300.SH,4963.13,5067.1,204066000.0
2020-12-02,000300.SH,5072.98,5067.14,195435000.0
2020-12-03,000300.SH,5065.45,5057.06,177866000.0
2020-12-04,000300.SH,5049.52,5065.92,144347000.0
2020-12-07,000300.SH,5065.73,5022.23,139896000.0
2020-12-08,000300.SH,5029.11,5009.88,123073000.0
2020-12-09,000300.SH,5022.38,4942.7,138917000.0
2020-12-10,000300.SH,4931.29,4940.52,125914000.0
2020-12-11,000300.SH,4957.82,4889.63,159358000.0
2020-12-14,000300.SH,4903.63,4934.83,120802000.0
2020-12-15,000300.SH,4931.6,4945.1,118343000.0
2020-12-16,000300.SH,4957.3,4953.87,106779000.0
2020-12-17,000300.SH,4960.73,5017.48,133385000.0
2020-12-18,000300.SH,5014.32,4999.97,128050000.0
2020-12-21,000300.SH,4995.76,5046.84,140812000.0
2020-12-22,000300.SH,5034.98,4964.77,162345000.0
2020-12-23,000300.SH,4977.3,5007.12,140293000.0
2020-12-24,000300.SH,5006.0,5000.02,114419000.0
2020-12-25,000300.SH,4985.77,5042.01,121007000.0
2020-12-28,000300.SH,5042.94,5064.41,136914000.0
2020-12-29,000300.SH,5071.45,5042.94,141199000.0
2020-12-30,000300.SH,5037.98,5113.71,148626000.0
2020-12-31,000300.SH,5122.48,5211.29,171603000.0
2021-01-04,000300.SH,5212.93,5267.72,211711000.0
2021-01-05,000300.SH,5245.84,5368.5,224931000.0
2021-01-06,000300.SH,5386.51,5417.67,193773000.0
2021-01-07,000300.SH,5428.39,5513.66,219872000.0
2021-01-08,000300.SH,5526.29,5495.43,204325000.0
2021-01-11,000300.SH,5504.24,5441.16,231836000.0
2021-01-12,000300.SH,5419.5,5596.35,224220000.0
2021-01-13,000300.SH,5609.26,5577.97,261570000.0
2021-01-14,000300.SH,5556.21,5470.46,243683000.0
2021-01-15,000300.SH,5471.39,5458.08,238637000.0
2021-01-18,000300.SH,5438.16,5518.52,207052000.0
2021-01-19,000300.SH,5525.97,5437.52,211043000.0
2021-01-20,000300.SH,5439.91,5476.43,170913000.0
2021-01-21,000300.SH,5492.96,5564.97,209950000.0
2021-01-22,000300.SH,5562.38,5569.78,199300000.0
2021-01-25,000300.SH,5564.12,5625.92,197047000.0
2021-01-26,000300.SH,5600.9,5512.97,171905000.0
2021-01-27,000300.SH,5505.77,5528.0,160191000.0
2021-01-28,000300.SH,5450.37,5377.14,170486000.0
2021-01-29,000300.SH,5413.97,5351.96,182179000.0
2021-02-01,000300.SH,5356.85,5417.65,166314000.0
2021-02-02,000300.SH,5429.7,5501.09,165211000.0
2021-02-03,000300.SH,5499.3,5485.2,188054000.0
2021-02-04,000300.SH,5453.98,5473.95,180576000.0
2021-02-05,000300.SH,5494.7,5483.41,189700000.0
2021-02-08,000300.SH,5506.14,5564.56,164034000.0
2021-02-09,000300.SH,5584.17,5686.25,164887000.0
2021-02-10,000300.SH,5709.68,5807.72,170170000.0
2021-02-18,000300.SH,5922.07,5768.38,218849000.0
2021-02-19,000300.SH,5734.02,5778.84,214476000.0
2021-02-22,000300.SH,5785.51,5597.33,282124000.0
2021-02-23,000300.SH,5542.68,5579.67,233808000.0
2021-02-24,000300.SH,5591.48,5437.57,225429000.0
2021-02-25,000300.SH,5494.47,5469.56,230736000.0
2021-02-26,000300.SH,5343.9,5336.76,212265000.0
2021-03-01,000300.SH,5389.25,5418.78,177464000.0
2021-03-02,000300.SH,5453.28,5349.63,196511000.0
2021-03-03,000300.SH,5327.35,5452.21,194709000.0
2021-03-04,000300.SH,5388.48,5280.71,212775000.0
2021-03-05,000300.SH,5191.97,5262.8,202628000.0
2021-03-08,000300.SH,5299.79,5080.02,230232000.0
2021-03-09,000300.SH,5066.15,4971.0,230711000.0
2021-03-10,000300.SH,5047.06,5003.61,169928000.0
2021-03-11,000300.SH,5024.56,5128.22,189601000.0
2021-03-12,000300.SH,5153.67,5146.38,201021000.0
2021-03-15,000300.SH,5116.12,5035.54,204153000.0
2021-03-16,000300.SH,5054.41,5079.36,161390000.0
2021-03-17,000300.SH,5062.77,5100.86,149162000.0
2021-03-18,000300.SH,5114.59,5141.77,142902000.0
2021-03-19,000300.SH,5068.53,5007.09,164175000.0
2021-03-22,000300.SH,5008.4,5057.15,167403000.0
2021-03-23,000300.SH,5057.06,5009.25,158014000.0
2021-03-24,000300.SH,4985.4,4928.69,159386000.0
2021-03-25,000300.SH,4904.07,4926.35,132945000.0
2021-03-26,000300.SH,4953.95,5037.99,145927000.0
2021-03-29,000300.SH,5052.26,5046.88,143388000.0
2021-03-30,000300.SH,5043.1,5094.73,138619000.0
2021-03-31,000300.SH,5085.95,5048.36,141336000.0
2021-04-01,000300.SH,5059.94,5110.78,120325000.0
2021-04-02,000300.SH,5129.85,5161.56,127002000.0
2021-04-06,000300.SH,5178.64,5140.34,109834000.0
2021-04-07,000300.SH,5141.66,5103.74,145764000.0
2021-04-08,000300.SH,5078.26,5112.21,141771000.0
2021-04-09,000300.SH,5100.04,5035.34,128417000.0
2021-04-12,000300.SH,5026.98,4947.75,152644000.0
2021-04-13,000300.SH,4949.81,4939.64,132919000.0
2021-04-14,000300.SH,4945.69,4980.63,120861000.0
2021-04-15,000300.SH,4969.91,4948.97,108829000.0
2021-04-16,000300.SH,4966.9,4966.18,111240000.0
2021-04-19,000300.SH,4966.41,5087.02,154770000.0
2021-04-20,000300.SH,5065.78,5083.37,136542000.0
2021-04-21,000300.SH,5055.24,5098.75,124637000.0
2021-04-22,000300.SH,5114.28,5089.24,121168000.0
2021-04-23,000300.SH,5088.83,5135.45,122057000.0
2021-04-26,000300.SH,5156.59,5077.24,151382000.0
2021-04-27,000300.SH,5076.64,5090.52,123962000.0
2021-04-28,000300.SH,5073.97,5119.24,120620000.0
2021-04-29,000300.SH,5128.28,5164.17,140092000.0
2021-04-30,000300.SH,5156.36,5123.49,160122000.0
2021-05-06,000300.SH,5098.8,5061.12,158823000.0
2021-05-07,000300.SH,5073.46,4996.05,172258000.0
2021-05-10,000300.SH,5001.44,4992.42,170821000.0
2021-05-11,000300.SH,4956.08,5023.06,151526000.0
2021-05-12,000300.SH,5003.82,5044.55,126619000.0
2021-05-13,000300.SH,4992.35,4992.97,132279000.0
2021-05-14,000300.SH,5007.63,5110.59,159426000.0
2021-05-17,000300.SH,5115.31,5184.99,153890000.0
2021-05-18,000300.SH,5190.93,5187.6,118404000.0
2021-05-19,000300.SH,5173.17,5172.27,118730000.0
2021-05-20,000300.SH,5167.05,5186.41,138455000.0
2021-05-21,000300.SH,5199.13,5134.15,124768000.0
2021-05-24,000300.SH,5138.81,5155.59,126742000.0
2021-05-25,000300.SH,5165.04,5318.48,182997000.0
2021-05-26,000300.SH,5326.12,5320.59,169607000.0
2021-05-27,000300.SH,5311.37,5338.23,148463000.0
2021-05-28,000300.SH,5338.73,5321.09,164606000.0
2021-05-31,000300.SH,5318.08,5331.57,144603000.0
2021-06-01,000300.SH,5320.47,5341.68,143831000.0
2021-06-02,000300.SH,5348.34,5289.97,137754000.0
2021-06-03,000300.SH,5285.71,5255.29,141969000.0
2021-06-04,000300.SH,5228.28,5282.28,144732000.0
2021-06-07,000300.SH,5284.89,5277.63,127705000.0
2021-06-08,000300.SH,5276.97,5232.12,130560000.0
2021-06-09,000300.SH,5224.95,5236.45,121820000.0
2021-06-10,000300.SH,5236.47,5271.47,138992000.0
2021-06-11,000300.SH,5275.75,5224.7,180807000.0
2021-06-15,000300.SH,5218.56,5166.56,142880000.0
2021-06-16,000300.SH,5163.25,5080.49,125148000.0
2021-06-17,000300.SH,5074.38,5101.89,120453000.0
2021-06-18,000300.SH,5104.93,5102.47,148586000.0
2021-06-21,000300.SH,5088.09,5090.39,132185000.0
2021-06-22,000300.SH,5106.07,5122.16,130417000.0
2021-06-23,000300.SH,5127.19,5147.39,136356000.0
2021-06-24,000300.SH,5156.56,5155.97,126686000.0
2021-06-25,000300.SH,5159.8,5239.97,154931000.0
2021-06-28,000300.SH,5253.61,5251.76,133194000.0
2021-06-29,000300.SH,5248.52,5190.54,125163000.0
2021-06-30,000300.SH,5189.38,5224.04,103753000.0
2021-07-01,000300.SH,5241.2,5229.66,127241000.0
2021-07-02,000300.SH,5186.66,5081.12,130426000.0
2021-07-05,000300.SH,5073.78,5085.79,131212000.0
2021-07-06,000300.SH,5089.78,5083.1,140655000.0
2021-07-07,000300.SH,5052.42,5140.49,148549000.0
2021-07-08,000300.SH,5149.31,5088.26,173901000.0
2021-07-09,000300.SH,5063.15,5069.44,160653000.0
2021-07-12,000300.SH,5108.38,5132.71,206212000.0
2021-07-13,000300.SH,5128.61,5142.1,166482000.0
2021-07-14,000300.SH,5130.75,5083.08,188353000.0
2021-07-15,000300.SH,5073.26,5151.46,181077000.0
2021-07-16,000300.SH,5140.9,5094.77,169956000.0
2021-07-19,000300.SH,5083.73,5113.49,153200000.0
2021-07-20,000300.SH,5080.22,5108.99,129300000.0
2021-07-21,000300.SH,5122.78,5144.04,167976000.0
2021-07-22,000300.SH,5150.39,5151.75,185557000.0
2021-07-23,000300.SH,5145.43,5089.23,216537000.0
2021-07-26,000300.SH,5067.31,4925.3,228112000.0
2021-07-27,000300.SH,4924.28,4751.31,236631000.0
2021-07-28,000300.SH,4714.29,4760.48,192634000.0
2021-07-29,000300.SH,4845.76,4850.27,173322000.0
2021-07-30,000300.SH,4825.7,4811.17,182350000.0
2021-08-02,000300.SH,4794.82,4933.74,227195000.0
2021-08-03,000300.SH,4909.23,4934.46,203533000.0
2021-08-04,000300.SH,4927.74,4978.85,175466000.0
2021-08-05,000300.SH,4946.17,4948.67,167382000.0
2021-08-06,000300.SH,4943.04,4921.56,154180000.0
2021-08-09,000300.SH,4890.26,4985.56,182437000.0
2021-08-10,000300.SH,4977.82,5043.15,167052000.0
2021-08-11,000300.SH,5037.08,5015.34,182266000.0
2021-08-12,000300.SH,4998.07,4973.35,168224000.0
2021-08-13,000300.SH,4958.76,4945.98,158314000.0
2021-08-16,000300.SH,4935.92,4941.07,161953000.0
2021-08-17,000300.SH,4935.0,4837.4,187573000.0
2021-08-18,000300.SH,4838.47,4894.24,197474000.0
2021-08-19,000300.SH,4886.56,4862.14,201712000.0
2021-08-20,000300.SH,4817.49,4769.27,177636000.0
2021-08-23,000300.SH,4777.73,4835.88,167579000.0
2021-08-24,000300.SH,4844.59,4888.39,197883000.0
2021-08-25,000300.SH,4890.52,4898.16,189448000.0
2021-08-26,000300.SH,4892.2,4801.61,197617000.0
2021-08-27,000300.SH,4794.97,4827.04,183310000.0
2021-08-30,000300.SH,4847.03,4813.27,219636000.0
2021-08-31,000300.SH,4803.09,4805.61,235119000.0
2021-09-01,000300.SH,4804.69,4869.46,326721000.0
2021-09-02,000300.SH,4865.82,4869.41,267858000.0
2021-09-03,000300.SH,4875.07,4843.06,268092000.0
2021-09-06,000300.SH,4841.06,4933.73,240507000.0
2021-09-07,000300.SH,4932.98,4992.83,244179000.0
2021-09-08,000300.SH,4986.8,4972.13,264615000.0
2021-09-09,000300.SH,4952.49,4970.01,256530000.0
2021-09-10,000300.SH,4967.98,5013.52,288304000.0
2021-09-13,000300.SH,5006.77,4991.66,249915000.0
2021-09-14,000300.SH,4989.83,4917.16,245590000.0
2021-09-15,000300.SH,4903.85,4867.32,187985000.0
2021-09-16,000300.SH,4866.79,4807.7,216752000.0
2021-09-17,000300.SH,4797.11,4855.94,201958000.0
2021-09-22,000300.SH,4770.73,4821.77,191220000.0
2021-09-23,000300.SH,4848.22,4853.2,228151000.0
2021-09-24,000300.SH,4845.64,4849.43,207693000.0
2021-09-27,000300.SH,4870.85,4877.37,215967000.0
2021-09-28,000300.SH,4869.08,4883.83,176891000.0
2021-09-29,000300.SH,4846.02,4833.93,188171000.0
2021-09-30,000300.SH,4843.95,4866.38,146114000.0
2021-10-08,000300.SH,4915.73,4929.94,168968000.0
2021-10-11,000300.SH,4941.29,4936.19,163512000.0
2021-10-12,000300.SH,4920.66,4883.84,168079000.0
2021-10-13,000300.SH,4880.14,4940.11,131143000.0
2021-10-14,000300.SH,4934.26,4913.61,119557000.0
2021-10-15,000300.SH,4896.56,4932.11,142822000.0
2021-10-18,000300.SH,4922.51,4874.78,141245000.0
2021-10-19,000300.SH,4869.39,4922.72,135266000.0
2021-10-20,000300.SH,4926.77,4910.18,141533000.0
2021-10-21,000300.SH,4914.74,4928.02,148898000.0
2021-10-22,000300.SH,4934.87,4959.73,143926000.0
2021-10-25,000300.SH,4940.9,4979.52,141861000.0
2021-10-26,000300.SH,4983.24,4963.1,140889000.0
2021-10-27,000300.SH,4949.23,4898.16,147112000.0
2021-10-28,000300.SH,4882.59,4864.14,156649000.0
2021-10-29,000300.SH,4861.27,4908.77,159887000.0
