Date,GOOGL,NFLX
2019-01-02,52.73400115966797,267.6600036621094
2019-01-03,51.27349853515625,271.20001220703125
2019-01-04,53.903499603271484,297.57000732421875
2019-01-07,53.79600143432617,315.3399963378906
2019-01-08,54.26850128173828,320.2699890136719
2019-01-09,54.08250045776367,319.9599914550781
2019-01-10,53.94150161743164,324.6600036621094
2019-01-11,53.2234992980957,337.5899963378906
2019-01-14,52.57550048828125,332.94000244140625
2019-01-15,54.32550048828125,354.6400146484375
2019-01-16,54.47549819946289,351.3900146484375
2019-01-17,54.95600128173828,353.19000244140625
2019-01-18,55.3650016784668,339.1000061035156
2019-01-22,53.93149948120117,325.1600036621094
2019-01-23,54.22050094604492,321.989990234375
2019-01-24,54.20000076293945,326.6700134277344
2019-01-25,55.07550048828125,338.04998779296875
2019-01-28,53.99300003051758,335.6600036621094
2019-01-29,53.50299835205078,328.8999938964844
2019-01-30,54.89950180053711,340.6600036621094
2019-01-31,56.294498443603516,339.5
2019-02-01,55.930999755859375,339.8500061035156
2019-02-04,57.07099914550781,351.3399963378906
2019-02-05,57.59349822998047,355.80999755859375
2019-02-06,56.144500732421875,352.19000244140625
2019-02-07,55.295501708984375,344.7099914550781
2019-02-08,55.11899948120117,347.57000732421875
2019-02-11,55.10599899291992,345.7300109863281
2019-02-12,56.37900161743164,359.9700012207031
2019-02-13,56.43149948120117,351.7699890136719
2019-02-14,56.459999084472656,359.07000732421875
2019-02-15,55.98149871826172,356.8699951171875
2019-02-19,56.32550048828125,361.9200134277344
2019-02-20,56.02949905395508,359.9100036621094
2019-02-21,55.21049880981445,356.9700012207031
2019-02-22,55.827999114990234,363.0199890136719
2019-02-25,55.86650085449219,363.9100036621094
2019-02-26,56.10049819946289,364.9700012207031
2019-02-27,56.144500732421875,362.8699951171875
2019-02-28,56.32749938964844,358.1000061035156
2019-03-01,57.42599868774414,357.32000732421875
2019-03-04,57.67100143432617,351.0400085449219
2019-03-05,58.45949935913086,354.29998779296875
2019-03-06,58.24700164794922,359.6099853515625
2019-03-07,57.54249954223633,352.6000061035156
2019-03-08,57.49850082397461,349.6000061035156
2019-03-11,58.9630012512207,358.8599853515625
2019-03-12,59.86249923706055,356.2699890136719
2019-03-13,59.952999114990234,361.2099914550781
2019-03-14,59.62649917602539,358.82000732421875
2019-03-15,59.51499938964844,361.4599914550781
2019-03-18,59.4275016784668,363.44000244140625
2019-03-19,60.12300109863281,358.7799987792969
2019-03-20,61.32149887084961,375.2200012207031
2019-03-21,61.80649948120117,377.8699951171875
2019-03-22,60.38249969482422,361.010009765625
2019-03-25,59.86899948120117,366.2300109863281
2019-03-26,59.492000579833984,359.9700012207031
2019-03-27,58.9005012512207,353.3699951171875
2019-03-28,58.61349868774414,354.6099853515625
2019-03-29,58.84450149536133,356.55999755859375
2019-04-01,59.94900131225586,366.9599914550781
2019-04-02,60.277000427246094,367.7200012207031
2019-04-03,60.54050064086914,369.75
2019-04-04,60.97249984741211,367.8800048828125
2019-04-05,60.5724983215332,365.489990234375
2019-04-08,60.41400146484375,361.4100036621094
2019-04-09,60.134498596191406,364.7099914550781
2019-04-10,60.3224983215332,363.9200134277344
2019-04-11,60.47949981689453,367.6499938964844
2019-04-12,61.13650131225586,351.1400146484375
2019-04-15,61.326499938964844,348.8699951171875
2019-04-16,61.59550094604492,359.4599914550781
2019-04-17,62.00699996948242,354.739990234375
2019-04-18,62.07350158691406,360.3500061035156
2019-04-22,62.6879997253418,377.3399963378906
2019-04-23,63.52949905395508,381.8900146484375
2019-04-24,63.002498626708984,374.2300109863281
2019-04-25,63.367000579833984,368.3299865722656
2019-04-26,63.87099838256836,374.8500061035156
2019-04-29,64.80999755859375,371.8299865722656
2019-04-30,59.948001861572266,370.5400085449219
2019-05-01,58.66600036621094,378.80999755859375
2019-05-02,58.32550048828125,379.05999755859375
2019-05-03,59.477500915527344,385.0299987792969
2019-05-06,59.67300033569336,378.6700134277344
2019-05-07,58.94300079345703,370.4599914550781
2019-05-08,58.53900146484375,364.3699951171875
2019-05-09,58.39849853515625,362.75
2019-05-10,58.38199996948242,361.0400085449219
2019-05-13,56.829498291015625,345.260009765625
2019-05-14,56.24300003051758,345.6099853515625
2019-05-15,58.540000915527344,354.989990234375
2019-05-16,59.224998474121094,359.30999755859375
2019-05-17,58.43899917602539,354.45001220703125
2019-05-20,57.233001708984375,348.1099853515625
2019-05-21,57.72200012207031,354.2699890136719
2019-05-22,57.79249954223633,359.7300109863281
2019-05-23,57.266998291015625,352.2099914550781
2019-05-24,56.93050003051758,354.3900146484375
2019-05-28,56.97800064086914,355.05999755859375
2019-05-29,55.99700164794922,349.19000244140625
2019-05-30,56.070499420166016,351.8500061035156
2019-05-31,55.32500076293945,343.2799987792969
2019-06-03,51.9370002746582,336.6300048828125
2019-06-04,52.7244987487793,353.3999938964844
2019-06-05,52.231998443603516,355.7300109863281
2019-06-06,52.38800048828125,357.1300048828125
2019-06-07,53.41849899291992,360.8699951171875
2019-06-10,54.13800048828125,352.010009765625
2019-06-11,54.051998138427734,351.2699890136719
2019-06-12,53.95500183105469,345.55999755859375
2019-06-13,54.550498962402344,343.42999267578125
2019-06-14,54.314998626708984,339.7300109863281
2019-06-17,54.69449996948242,350.6199951171875
2019-06-18,55.262001037597656,357.1199951171875
2019-06-19,55.22549819946289,363.5199890136719
2019-06-20,55.65999984741211,365.2099914550781
2019-06-21,56.26850128173828,369.2099914550781
2019-06-24,55.834999084472656,371.0400085449219
2019-06-25,54.37900161743164,360.29998779296875
2019-06-26,54.01599884033203,362.20001220703125
2019-06-27,53.83150100708008,370.0199890136719
2019-06-28,54.13999938964844,367.32000732421875
2019-07-01,55.0,374.6000061035156
2019-07-02,55.630001068115234,375.42999267578125
2019-07-03,56.14950180053711,381.7200012207031
2019-07-05,56.63349914550781,380.54998779296875
2019-07-08,55.839500427246094,376.1600036621094
2019-07-09,56.214500427246094,379.92999267578125
2019-07-10,57.045501708984375,381.0
2019-07-11,57.20399856567383,379.5
2019-07-12,57.266998291015625,373.25
2019-07-15,57.5255012512207,366.6000061035156
2019-07-16,57.67300033569336,365.989990234375
2019-07-17,57.33700180053711,362.44000244140625
2019-07-18,57.36199951171875,325.2099914550781
2019-07-19,56.57749938964844,315.1000061035156
2019-07-22,56.96049880981445,310.6199951171875
2019-07-23,57.40250015258789,307.29998779296875
2019-07-24,56.98649978637695,317.94000244140625
2019-07-25,56.797000885009766,326.4599914550781
2019-07-26,62.26100158691406,335.7799987792969
2019-07-29,62.09199905395508,332.70001220703125
2019-07-30,61.400001525878906,325.92999267578125
2019-07-31,60.90999984741211,322.989990234375
2019-08-01,60.5890007019043,319.5
2019-08-02,59.816001892089844,318.8299865722656
2019-08-05,57.73749923706055,307.6300048828125
2019-08-06,58.55400085449219,310.1000061035156
2019-08-07,58.795501708984375,304.2900085449219
2019-08-08,60.30950164794922,315.8999938964844
2019-08-09,59.44499969482422,308.92999267578125
2019-08-12,58.724998474121094,310.8299865722656
2019-08-13,59.83649826049805,312.2799987792969
2019-08-14,58.212501525878906,299.1099853515625
2019-08-15,58.465999603271484,295.760009765625
2019-08-16,58.96049880981445,302.79998779296875
2019-08-19,60.02199935913086,309.3800048828125
2019-08-20,59.17649841308594,298.989990234375
2019-08-21,59.57899856567383,297.80999755859375
2019-08-22,59.57600021362305,296.92999267578125
2019-08-23,57.67900085449219,291.44000244140625
2019-08-26,58.558998107910156,294.9800109863281
2019-08-27,58.54100036621094,291.0299987792969
2019-08-28,58.6875,291.7699890136719
2019-08-29,59.71200180053711,296.7799987792969
2019-08-30,59.5265007019043,293.75
2019-09-03,58.477500915527344,289.2900085449219
2019-09-04,59.11349868774414,291.5199890136719
2019-09-05,60.609500885009766,293.25
2019-09-06,60.316001892089844,290.1700134277344
2019-09-09,60.26350021362305,294.3399963378906
2019-09-10,60.28499984741211,287.989990234375
2019-09-11,61.0,288.2699890136719
2019-09-12,61.74850082397461,288.8599853515625
2019-09-13,62.00149917602539,294.1499938964844
2019-09-16,61.58150100708008,294.2900085449219
2019-09-17,61.49399948120117,298.6000061035156
2019-09-18,61.63249969482422,291.55999755859375
2019-09-19,61.9375,286.6000061035156
2019-09-20,61.492000579833984,270.75
2019-09-23,61.734500885009766,265.9200134277344
2019-09-24,60.916500091552734,254.58999633789062
2019-09-25,62.297000885009766,264.75
2019-09-26,62.114498138427734,263.30999755859375
2019-09-27,61.29750061035156,263.0799865722656
2019-09-30,61.05699920654297,267.6199951171875
2019-10-01,60.29999923706055,269.5799865722656
2019-10-02,58.895999908447266,268.0299987792969
2019-10-03,59.471500396728516,268.1499938964844
2019-10-04,60.54800033569336,272.7900085449219
2019-10-07,60.412498474121094,274.4599914550781
2019-10-08,59.506500244140625,270.7200012207031
2019-10-09,60.119998931884766,267.5299987792969
2019-10-10,60.4734992980957,280.4800109863281
2019-10-11,60.785499572753906,282.92999267578125
2019-10-14,60.88850021362305,285.5299987792969
2019-10-15,62.11199951171875,284.25
2019-10-16,62.150001525878906,286.2799987792969
2019-10-17,62.63999938964844,293.3500061035156
2019-10-18,62.22050094604492,275.29998779296875
2019-10-21,62.2140007019043,278.04998779296875
2019-10-22,62.060001373291016,266.69000244140625
2019-10-23,62.881500244140625,271.2699890136719
2019-10-24,62.955501556396484,271.5
2019-10-25,63.21500015258789,276.82000732421875
2019-10-28,64.4489974975586,281.8599853515625
2019-10-29,63.03300094604492,281.2099914550781
2019-10-30,63.03499984741211,291.45001220703125
2019-10-31,62.939998626708984,287.4100036621094
2019-11-01,63.61249923706055,286.80999755859375
2019-11-04,64.48049926757812,292.8599853515625
2019-11-05,64.5719985961914,288.0299987792969
2019-11-06,64.55049896240234,288.5899963378906
2019-11-07,65.34700012207031,289.57000732421875
2019-11-08,65.44999694824219,291.57000732421875
2019-11-11,64.91400146484375,294.17999267578125
2019-11-12,64.8604965209961,292.010009765625
2019-11-13,64.80899810791016,283.1099853515625
2019-11-14,65.4574966430664,289.6199951171875
2019-11-15,66.677001953125,295.0299987792969
2019-11-18,65.99199676513672,302.57000732421875
2019-11-19,65.62950134277344,302.6000061035156
2019-11-20,65.09300231933594,305.1600036621094
2019-11-21,65.00700378417969,311.69000244140625
2019-11-22,64.68350219726562,310.4800109863281
2019-11-25,65.28199768066406,315.54998779296875
2019-11-26,65.6500015258789,312.489990234375
2019-11-27,65.60649871826172,315.92999267578125
2019-11-29,65.20449829101562,314.6600036621094
2019-12-02,64.44300079345703,309.989990234375
2019-12-03,64.73699951171875,306.1600036621094
2019-12-04,65.9469985961914,304.32000732421875
2019-12-05,66.3479995727539,302.8599853515625
2019-12-06,66.96949768066406,307.3500061035156
2019-12-09,67.14949798583984,302.5
2019-12-10,67.14450073242188,293.1199951171875
2019-12-11,67.2125015258789,298.92999267578125
2019-12-12,67.42449951171875,298.44000244140625
2019-12-13,67.34349822998047,298.5
2019-12-16,68.03500366210938,304.2099914550781
2019-12-17,67.74449920654297,315.4800109863281
2019-12-18,67.59549713134766,320.79998779296875
2019-12-19,67.8219985961914,332.2200012207031
2019-12-20,67.56099700927734,336.8999938964844
2019-12-23,67.53150177001953,333.1000061035156
2019-12-24,67.22149658203125,333.20001220703125
2019-12-26,68.12349700927734,332.6300048828125
2019-12-27,67.73200225830078,329.0899963378906
2019-12-30,66.9854965209961,323.30999755859375
2019-12-31,66.96949768066406,323.57000732421875
2020-01-02,68.43399810791016,329.80999755859375
2020-01-03,68.07599639892578,325.8999938964844
2020-01-06,69.8905029296875,335.8299865722656
2020-01-07,69.75550079345703,330.75
2020-01-08,70.25199890136719,339.260009765625
2020-01-09,70.989501953125,335.6600036621094
2020-01-10,71.447998046875,329.04998779296875
2020-01-13,72.00150299072266,338.9200134277344
2020-01-14,71.52950286865234,338.69000244140625
2020-01-15,71.95999908447266,339.07000732421875
2020-01-16,72.50800323486328,338.6199951171875
2020-01-17,73.97599792480469,339.6700134277344
2020-01-21,74.11250305175781,338.1099853515625
2020-01-22,74.19349670410156,326.0
2020-01-23,74.2344970703125,349.6000061035156
2020-01-24,73.30850219726562,353.1600036621094
2020-01-27,71.58650207519531,342.8800048828125
2020-01-28,72.5250015258789,348.5199890136719
2020-01-29,72.83499908447266,343.1600036621094
2020-01-30,72.7125015258789,347.739990234375
2020-01-31,71.63899993896484,345.0899963378906
2020-02-03,74.12999725341797,358.0
2020-02-04,72.27050018310547,369.010009765625
2020-02-05,72.30249786376953,369.6700134277344
2020-02-06,73.79850006103516,366.95001220703125
2020-02-07,73.95549774169922,366.7699890136719
2020-02-10,75.43299865722656,371.07000732421875
2020-02-11,75.50299835205078,373.69000244140625
2020-02-12,75.93150329589844,380.010009765625
2020-02-13,75.66950225830078,381.3999938964844
2020-02-14,75.9365005493164,380.3999938964844
2020-02-18,75.97200012207031,387.7799987792969
2020-02-19,76.24349975585938,386.19000244140625
2020-02-20,75.84950256347656,386.0
2020-02-21,74.1729965209961,380.07000732421875
2020-02-24,70.99299621582031,368.70001220703125
2020-02-25,69.31600189208984,360.0899963378906
2020-02-26,69.52349853515625,379.239990234375
2020-02-27,65.74749755859375,371.7099914550781
2020-02-28,66.9625015258789,369.0299987792969
2020-03-02,69.31600189208984,381.04998779296875
2020-03-03,66.88600158691406,368.7699890136719
2020-03-04,69.08000183105469,383.7900085449219
2020-03-05,65.73799896240234,372.7799987792969
2020-03-06,64.78700256347656,368.9700012207031
2020-03-09,60.78950119018555,346.489990234375
2020-03-10,63.75849914550781,364.1300048828125
2020-03-11,60.54499816894531,349.9200134277344
2020-03-12,55.57749938964844,315.25
2020-03-13,60.7135009765625,336.29998779296875
2020-03-16,53.650001525878906,298.8399963378906
2020-03-17,55.90299987792969,319.75
2020-03-18,54.55950164794922,315.4700012207031
2020-03-19,55.583499908447266,332.0299987792969
2020-03-20,53.410499572753906,332.8299865722656
2020-03-23,52.70650100708008,360.2699890136719
2020-03-24,56.5004997253418,357.32000732421875
2020-03-25,55.08100128173828,342.3900146484375
2020-03-26,58.145999908447266,362.989990234375
2020-03-27,55.51300048828125,357.1199951171875
2020-03-30,57.31549835205078,370.9599914550781
2020-03-31,58.09749984741211,375.5
2020-04-01,55.10499954223633,364.0799865722656
2020-04-02,55.85150146484375,370.0799865722656
2020-04-03,54.6349983215332,361.760009765625
2020-04-06,59.15950012207031,379.9599914550781
2020-04-07,59.12799835205078,372.2799987792969
2020-04-08,60.349998474121094,371.1199951171875
2020-04-09,60.32849884033203,370.7200012207031
2020-04-13,60.52050018310547,396.7200012207031
2020-04-14,63.26150131225586,413.54998779296875
2020-04-15,62.8650016784668,426.75
2020-04-16,62.871498107910156,439.1700134277344
2020-04-17,63.95000076293945,422.9599914550781
2020-04-20,63.057498931884766,437.489990234375
2020-04-21,60.608001708984375,433.8299865722656
2020-04-22,62.920501708984375,421.4200134277344
2020-04-23,63.55849838256836,426.70001220703125
2020-04-24,63.83000183105469,424.989990234375
2020-04-27,63.542999267578125,421.3800048828125
2020-04-28,61.62950134277344,403.8299865722656
2020-04-29,67.10900115966797,411.8900146484375
2020-04-30,67.33499908447266,419.8500061035156
2020-05-01,65.86599731445312,415.2699890136719
2020-05-04,66.1449966430664,428.1499938964844
2020-05-05,67.45099639892578,424.67999267578125
2020-05-06,67.27149963378906,434.260009765625
2020-05-07,68.46399688720703,436.5299987792969
2020-05-08,69.21700286865234,435.54998779296875
2020-05-11,70.17949676513672,440.5199890136719
2020-05-12,68.75900268554688,431.82000732421875
2020-05-13,67.41649627685547,438.2699890136719
2020-05-14,67.84300231933594,441.95001220703125
2020-05-15,68.65299987792969,454.19000244140625
2020-05-18,69.25900268554688,452.5799865722656
2020-05-19,68.72000122070312,451.0400085449219
2020-05-20,70.45800018310547,447.6700134277344
2020-05-21,70.3375015258789,436.25
2020-05-22,70.66200256347656,429.32000732421875
2020-05-26,71.06849670410156,414.7699890136719
2020-05-27,71.01399993896484,419.8900146484375
2020-05-28,70.91200256347656,413.44000244140625
2020-05-29,71.6760025024414,419.7300109863281
2020-06-01,71.74349975585938,425.9200134277344
2020-06-02,72.1155014038086,427.30999755859375
2020-06-03,71.9625015258789,421.9700012207031
2020-06-04,70.71499633789062,414.3299865722656
2020-06-05,72.0009994506836,419.6000061035156
2020-06-08,72.4020004272461,419.489990234375
2020-06-09,72.60399627685547,434.04998779296875
2020-06-10,73.23500061035156,434.4800109863281
2020-06-11,70.09500122070312,425.55999755859375
2020-06-12,70.64600372314453,418.07000732421875
2020-06-15,71.03700256347656,425.5
2020-06-16,72.32350158691406,436.1300048828125
2020-06-17,72.62699890136719,447.7699890136719
2020-06-18,71.70600128173828,449.8699951171875
2020-06-19,71.23200225830078,453.7200012207031
2020-06-22,72.53299713134766,468.0400085449219
2020-06-23,73.1989974975586,466.260009765625
2020-06-24,71.63500213623047,457.8500061035156
2020-06-25,72.05500030517578,465.9100036621094
2020-06-26,68.12699890136719,443.3999938964844
2020-06-29,69.8584976196289,447.239990234375
2020-06-30,70.90249633789062,455.0400085449219
2020-07-01,72.0999984741211,485.6400146484375
2020-07-02,73.49649810791016,476.8900146484375
2020-07-06,74.98249816894531,493.80999755859375
2020-07-07,74.49600219726562,493.1600036621094
2020-07-08,75.18000030517578,502.7799987792969
2020-07-09,75.93299865722656,507.760009765625
2020-07-10,76.95050048828125,548.72998046875
2020-07-13,75.61150360107422,525.5
2020-07-14,76.04299926757812,524.8800048828125
2020-07-15,75.84400177001953,523.260009765625
2020-07-16,75.74600219726562,527.3900146484375
2020-07-17,75.84249877929688,492.989990234375
2020-07-20,78.19200134277344,502.4100036621094
2020-07-21,77.7959976196289,490.1000061035156
2020-07-22,78.24250030517578,489.82000732421875
2020-07-23,75.8375015258789,477.5799865722656
2020-07-24,75.4104995727539,480.45001220703125
2020-07-27,76.47149658203125,495.6499938964844
2020-07-28,75.18250274658203,488.510009765625
2020-07-29,76.17549896240234,484.4800109863281
2020-07-30,76.91850280761719,485.79998779296875
2020-07-31,74.39749908447266,488.8800048828125
2020-08-03,74.13800048828125,498.6199951171875
2020-08-04,73.66500091552734,509.6400146484375
2020-08-05,73.95449829101562,502.1099853515625
2020-08-06,75.24749755859375,509.0799865722656
2020-08-07,74.91850280761719,494.7300109863281
2020-08-10,74.84100341796875,483.3800048828125
2020-08-11,74.0270004272461,466.92999267578125
2020-08-12,75.36199951171875,475.4700012207031
2020-08-13,75.8324966430664,481.3299865722656
2020-08-14,75.23149871826172,482.67999267578125
2020-08-17,75.81199645996094,482.3500061035156
2020-08-18,77.78900146484375,491.8699951171875
2020-08-19,77.23049926757812,484.5299987792969
2020-08-20,78.8125,497.8999938964844
2020-08-21,78.77850341796875,492.30999755859375
2020-08-24,79.25749969482422,488.80999755859375
2020-08-25,80.2925033569336,490.5799865722656
2020-08-26,82.20649719238281,547.530029296875
2020-08-27,81.4260025024414,526.27001953125
2020-08-28,81.97149658203125,523.8900146484375
2020-08-31,81.47650146484375,529.5599975585938
2020-09-01,82.75399780273438,556.5499877929688
2020-09-02,85.86949920654297,552.8400268554688
2020-09-03,81.47550201416016,525.75
2020-09-04,79.06050109863281,516.0499877929688
2020-09-08,76.18000030517578,507.0199890136719
2020-09-09,77.36150360107422,500.19000244140625
2020-09-10,76.30249786376953,480.6700134277344
2020-09-11,75.78800201416016,482.0299987792969
2020-09-14,75.44149780273438,476.260009765625
2020-09-15,76.75599670410156,495.989990234375
2020-09-16,75.60449981689453,483.8599853515625
2020-09-17,74.35199737548828,470.20001220703125
2020-09-18,72.55449676513672,469.9599914550781
2020-09-21,71.50700378417969,487.3500061035156
2020-09-22,72.99099731445312,491.1700134277344
2020-09-23,70.46949768066406,470.6099853515625
2020-09-24,71.14299774169922,473.0799865722656
2020-09-25,71.9530029296875,482.8800048828125
2020-09-28,72.93299865722656,490.6499938964844
2020-09-29,73.3010025024414,493.4800109863281
2020-09-30,73.27999877929688,500.0299987792969
2020-10-01,74.3949966430664,527.510009765625
2020-10-02,72.77999877929688,503.05999755859375
2020-10-05,74.1415023803711,520.6500244140625
2020-10-06,72.5510025024414,505.8699951171875
2020-10-07,72.95700073242188,534.6599731445312
2020-10-08,74.17150115966797,531.7899780273438
2020-10-09,75.52249908447266,539.4400024414062
2020-10-12,78.22949981689453,539.8099975585938
2020-10-13,78.35350036621094,554.0900268554688
2020-10-14,78.1719970703125,541.4500122070312
2020-10-15,77.77349853515625,541.9400024414062
2020-10-16,78.38500213623047,530.7899780273438
2020-10-19,76.49749755859375,530.719970703125
2020-10-20,77.55400085449219,525.4199829101562
2020-10-21,79.29949951171875,489.04998779296875
2020-10-22,80.33300018310547,485.2300109863281
2020-10-23,81.64900207519531,488.2799987792969
2020-10-26,79.2145004272461,488.239990234375
2020-10-27,79.94400024414062,488.92999267578125
2020-10-28,75.54000091552734,486.239990234375
2020-10-29,77.84400177001953,504.2099914550781
2020-10-30,80.80549621582031,475.739990234375
2020-11-02,81.21600341796875,484.1199951171875
2020-11-03,82.28299713134766,487.2200012207031
2020-11-04,87.2925033569336,496.95001220703125
2020-11-05,88.125,513.760009765625
2020-11-06,87.98650360107422,514.72998046875
2020-11-09,88.07099914550781,470.5
2020-11-10,86.88600158691406,480.239990234375
2020-11-11,87.36150360107422,490.760009765625
2020-11-12,87.14099884033203,486.7699890136719
2020-11-13,88.61299896240234,482.8399963378906
2020-11-16,88.70149993896484,479.1000061035156
2020-11-17,88.08300018310547,480.6300048828125
2020-11-18,87.03199768066406,481.7900085449219
2020-11-19,87.92849731445312,484.6700134277344
2020-11-20,86.81900024414062,488.239990234375
2020-11-23,86.37799835205078,476.6199951171875
2020-11-24,88.19499969482422,482.8800048828125
2020-11-25,88.20649719238281,485.0
2020-11-27,89.35099792480469,491.3599853515625
2020-11-30,87.72000122070312,490.70001220703125
2020-12-01,89.76799774169922,504.5799865722656
2020-12-02,91.24849700927734,503.3800048828125
2020-12-03,91.09200286865234,497.5199890136719
2020-12-04,91.18800354003906,498.30999755859375
2020-12-07,90.85150146484375,515.780029296875
2020-12-08,90.56649780273438,512.6599731445312
2020-12-09,88.89299774169922,493.6000061035156
2020-12-10,88.38249969482422,501.0899963378906
2020-12-11,88.73999786376953,503.2200012207031
2020-12-14,87.61299896240234,522.4199829101562
2020-12-15,88.05400085449219,519.780029296875
2020-12-16,87.8594970703125,524.8300170898438
2020-12-17,87.02549743652344,532.9000244140625
2020-12-18,86.31099700927734,534.4500122070312
2020-12-21,86.72799682617188,528.9099731445312
2020-12-22,86.01100158691406,527.3300170898438
2020-12-23,86.4114990234375,514.47998046875
2020-12-24,86.70800018310547,513.969970703125
2020-12-28,88.697998046875,519.1199951171875
2020-12-29,87.88800048828125,530.8699951171875
2020-12-30,86.8125,524.5900268554688
2020-12-31,87.63200378417969,540.72998046875
2021-01-04,86.30650329589844,522.8599853515625
2021-01-05,87.00250244140625,520.7999877929688
2021-01-06,86.14399719238281,500.489990234375
2021-01-07,88.71700286865234,508.8900146484375
2021-01-08,89.8915023803711,510.3999938964844
2021-01-11,87.81449890136719,499.1000061035156
2021-01-12,86.87149810791016,494.25
2021-01-13,87.36250305175781,507.7900085449219
2021-01-14,86.5459976196289,500.8599853515625
2021-01-15,86.38099670410156,497.9800109863281
2021-01-19,89.22350311279297,501.7699890136719
2021-01-20,94.00350189208984,586.3400268554688
2021-01-21,94.2074966430664,579.8400268554688
2021-01-22,94.62799835205078,565.1699829101562
2021-01-25,94.71399688720703,556.780029296875
2021-01-26,95.39749908447266,561.9299926757812
2021-01-27,90.9469985961914,523.280029296875
2021-01-28,92.66000366210938,538.5999755859375
2021-01-29,91.36799621582031,532.3900146484375
2021-02-01,94.65350341796875,539.0399780273438
2021-02-02,95.95600128173828,548.1599731445312
2021-02-03,102.94400024414062,539.4500122070312
2021-02-04,102.68150329589844,552.1599731445312
2021-02-05,104.44149780273438,550.7899780273438
2021-02-08,104.22599792480469,547.9199829101562
2021-02-09,103.76950073242188,559.0700073242188
2021-02-10,104.3239974975586,563.5900268554688
2021-02-11,104.4375,557.5900268554688
2021-02-12,104.75150299072266,556.52001953125
2021-02-16,105.53500366210938,557.280029296875
2021-02-17,105.93099975585938,551.3400268554688
2021-02-18,105.29049682617188,548.219970703125
2021-02-19,104.44049835205078,540.219970703125
2021-02-22,102.71299743652344,533.780029296875
2021-02-23,103.00599670410156,546.1500244140625
2021-02-24,104.19049835205078,553.4099731445312
2021-02-25,100.79750061035156,546.7000122070312
2021-02-26,101.09549713134766,538.8499755859375
2021-03-01,103.48300170898438,550.6400146484375
2021-03-02,103.2239990234375,547.8200073242188
2021-03-03,100.57050323486328,520.7000122070312
2021-03-04,101.69650268554688,511.2900085449219
2021-03-05,104.85350036621094,516.3900146484375
2021-03-08,100.375,493.3299865722656
2021-03-09,102.01799774169922,506.44000244140625
2021-03-10,101.80950164794922,504.5400085449219
2021-03-11,105.0270004272461,523.0599975585938
2021-03-12,102.5,518.02001953125
2021-03-15,102.72200012207031,520.25
2021-03-16,104.19450378417969,524.030029296875
2021-03-17,104.11100006103516,524.4400024414062
2021-03-18,101.06700134277344,504.7900085449219
2021-03-19,101.3479995727539,512.1799926757812
2021-03-22,101.53450012207031,523.1099853515625
2021-03-23,102.06649780273438,535.0900268554688
2021-03-24,101.62650299072266,520.8099975585938
2021-03-25,101.62300109863281,502.8599853515625
2021-03-26,101.23650360107422,508.04998779296875
2021-03-29,102.28949737548828,513.9500122070312
2021-03-30,102.32350158691406,513.3900146484375
2021-03-31,103.1259994506836,521.6599731445312
2021-04-01,106.48899841308594,539.4199829101562
2021-04-05,110.947998046875,540.6699829101562
2021-04-06,110.46299743652344,544.530029296875
2021-04-07,111.95149993896484,546.989990234375
2021-04-08,112.52149963378906,554.5800170898438
2021-04-09,113.53350067138672,555.3099975585938
2021-04-12,112.23100280761719,552.780029296875
2021-04-13,112.72149658203125,553.72998046875
2021-04-14,112.09549713134766,540.02001953125
2021-04-15,114.26249694824219,549.219970703125
2021-04-16,114.13749694824219,546.5399780273438
2021-04-19,114.48799896240234,554.4400024414062
2021-04-20,113.95050048828125,549.5700073242188
2021-04-21,113.9175033569336,508.8999938964844
2021-04-22,112.6259994506836,508.7799987792969
2021-04-23,114.99649810791016,505.54998779296875
2021-04-26,115.49649810791016,510.29998779296875
2021-04-27,114.54900360107422,505.54998779296875
2021-04-28,117.9520034790039,506.5199890136719
2021-04-29,119.63800048828125,509.0
2021-04-30,117.67500305175781,513.469970703125
2021-05-03,117.15399932861328,509.1099853515625
2021-05-04,115.34149932861328,503.17999267578125
2021-05-05,115.7385025024414,496.0799865722656
2021-05-06,116.86750030517578,499.54998779296875
2021-05-07,117.59649658203125,503.8399963378906
2021-05-10,114.5875015258789,486.69000244140625
2021-05-11,113.50299835205078,495.0799865722656
2021-05-12,110.01249694824219,484.9800109863281
2021-05-13,111.4520034790039,486.6600036621094
2021-05-14,113.91899871826172,493.3699951171875
2021-05-17,114.44599914550781,488.94000244140625
2021-05-18,113.12349700927734,486.2799987792969
2021-05-19,113.57499694824219,487.70001220703125
2021-05-20,115.34750366210938,501.6700134277344
2021-05-21,114.70649719238281,497.8900146484375
2021-05-24,118.052001953125,502.8999938964844
2021-05-25,118.14350128173828,501.3399963378906
2021-05-26,119.0155029296875,502.3599853515625
2021-05-27,118.13400268554688,503.8599853515625
2021-05-28,117.84249877929688,502.80999755859375
2021-06-01,119.05899810791016,499.0799865722656
2021-06-02,118.52950286865234,499.239990234375
2021-06-03,117.37899780273438,489.42999267578125
2021-06-04,119.67849731445312,494.739990234375
2021-06-07,120.11499786376953,494.6600036621094
2021-06-08,119.9219970703125,492.3900146484375
2021-06-09,120.39700317382812,485.80999755859375
2021-06-10,121.75650024414062,487.2699890136719
2021-06-11,121.51000213623047,488.7699890136719
2021-06-14,122.44550323486328,499.8900146484375
2021-06-15,121.41950225830078,491.8999938964844
2021-06-16,120.77249908447266,492.4100036621094
2021-06-17,121.74349975585938,498.3399963378906
2021-06-18,120.11100006103516,500.7699890136719
2021-06-21,121.8125,497.0
2021-06-22,122.33049774169922,508.82000732421875
2021-06-23,122.12699890136719,512.739990234375
2021-06-24,122.5,518.0599975585938
2021-06-25,122.50849914550781,527.0700073242188
2021-06-28,122.53600311279297,533.030029296875
2021-06-29,122.27249908447266,533.5
2021-06-30,122.0895004272461,528.2100219726562
2021-07-01,122.44450378417969,533.5399780273438
2021-07-02,125.25749969482422,533.97998046875
2021-07-06,126.19000244140625,541.6400146484375
2021-07-07,126.4739990234375,535.9600219726562
2021-07-08,125.04399871826172,530.760009765625
2021-07-09,125.51850128173828,535.97998046875
2021-07-12,126.97550201416016,537.3099975585938
2021-07-13,127.34149932861328,540.6799926757812
2021-07-14,128.23699951171875,547.9500122070312
2021-07-15,127.00499725341797,542.9500122070312
2021-07-16,126.97000122070312,530.3099975585938
2021-07-19,124.5780029296875,532.280029296875
2021-07-20,126.20950317382812,531.0499877929688
2021-07-21,127.54900360107422,513.6300048828125
2021-07-22,128.42149353027344,511.7699890136719
2021-07-23,133.01499938964844,515.4099731445312
2021-07-26,134.03500366210938,516.489990234375
2021-07-27,131.89999389648438,518.9099731445312
2021-07-28,136.093994140625,519.2999877929688
2021-07-29,135.77749633789062,514.25
2021-07-30,134.72650146484375,517.5700073242188
2021-08-02,134.85450744628906,515.1500244140625
2021-08-03,135.6300048828125,510.82000732421875
2021-08-04,135.12550354003906,517.3499755859375
2021-08-05,136.25149536132812,524.8900146484375
2021-08-06,135.73849487304688,520.5499877929688
2021-08-09,136.91299438476562,519.969970703125
2021-08-10,136.8070068359375,515.8400268554688
2021-08-11,136.2790069580078,512.4000244140625
2021-08-12,137.19400024414062,510.7200012207031
2021-08-13,137.7274932861328,515.9199829101562
2021-08-16,138.3094940185547,517.9199829101562
2021-08-17,136.6614990234375,518.9099731445312
2021-08-18,135.44900512695312,521.8699951171875
2021-08-19,135.67999267578125,543.7100219726562
2021-08-20,137.42950439453125,546.8800048828125
2021-08-23,140.04150390625,553.3300170898438
2021-08-24,141.26150512695312,553.4099731445312
2021-08-25,142.07899475097656,547.5800170898438
2021-08-26,141.4405059814453,550.1199951171875
2021-08-27,144.00399780273438,558.9199829101562
2021-08-30,144.5904998779297,566.1799926757812
2021-08-31,144.69749450683594,569.1900024414062
2021-09-01,145.2154998779297,582.0700073242188
2021-09-02,143.28700256347656,588.5499877929688
2021-09-03,143.739501953125,590.530029296875
2021-09-07,144.28050231933594,606.7100219726562
2021-09-08,143.6909942626953,606.0499877929688
2021-09-09,143.54100036621094,597.5399780273438
2021-09-10,140.87600708007812,598.719970703125
2021-09-13,142.33250427246094,589.2899780273438
2021-09-14,142.54449462890625,577.760009765625
2021-09-15,144.42950439453125,582.8699951171875
2021-09-16,143.61000061035156,586.5
2021-09-17,140.8000030517578,589.3499755859375
2021-09-20,138.71949768066406,575.4299926757812
2021-09-21,139.0330047607422,573.1400146484375
2021-09-22,140.2834930419922,590.6500244140625
2021-09-23,141.21600341796875,593.260009765625
2021-09-24,142.21499633789062,592.3900146484375
2021-09-27,141.07200622558594,592.6400146484375
2021-09-28,135.8300018310547,583.8499755859375
2021-09-29,134.35350036621094,599.0599975585938
2021-09-30,133.67599487304688,610.3400268554688
2021-10-01,136.54299926757812,613.1500244140625
2021-10-04,133.6595001220703,603.3499755859375
2021-10-05,136.0229949951172,634.8099975585938
2021-10-06,137.56500244140625,639.0999755859375
2021-10-07,139.22500610351562,631.8499755859375
2021-10-08,139.78550720214844,632.6599731445312
2021-10-11,138.91400146484375,627.0399780273438
2021-10-12,136.44900512695312,624.9400024414062
2021-10-13,137.58200073242188,629.760009765625
2021-10-14,141.1510009765625,633.7999877929688
2021-10-15,141.3679962158203,628.2899780273438
2021-10-18,142.7779998779297,637.969970703125
2021-10-19,143.23699951171875,639.0
2021-10-20,141.7689971923828,625.1400146484375
2021-10-21,141.88600158691406,653.1599731445312
2021-10-22,137.56649780273438,664.780029296875
2021-10-25,137.44700622558594,671.6599731445312
2021-10-26,139.30850219726562,668.52001953125
2021-10-27,146.21749877929688,662.9199829101562
2021-10-28,145.8489990234375,674.0499877929688
2021-10-29,148.04600524902344,690.3099975585938
2021-11-01,143.4969940185547,681.1699829101562
2021-11-02,145.4324951171875,677.719970703125
2021-11-03,146.59800720214844,688.2899780273438
2021-11-04,148.2675018310547,668.4000244140625
2021-11-05,148.8520050048828,645.719970703125
2021-11-08,149.031005859375,651.4500122070312
2021-11-09,148.9185028076172,655.989990234375
2021-11-10,145.89349365234375,646.9099731445312
2021-11-11,145.76649475097656,657.5800170898438
2021-11-12,148.67799377441406,682.6099853515625
2021-11-15,148.45199584960938,679.3300170898438
2021-11-16,147.87600708007812,687.4000244140625
2021-11-17,148.0469970703125,691.6900024414062
2021-11-18,149.8385009765625,682.02001953125
2021-11-19,148.92649841308594,678.7999877929688
2021-11-22,146.302001953125,659.2000122070312
2021-11-23,145.78199768066406,654.0599975585938
2021-11-24,146.1199951171875,658.2899780273438
2021-11-26,142.18299865722656,665.6400146484375
2021-11-29,145.53050231933594,663.8400268554688
2021-11-30,141.8975067138672,641.9000244140625
2021-12-01,141.05149841308594,617.77001953125
2021-12-02,142.96600341796875,616.469970703125
2021-12-03,142.00149536132812,602.1300048828125
2021-12-06,143.15499877929688,612.6900024414062
2021-12-07,147.26950073242188,625.5800170898438
2021-12-08,148.18649291992188,628.0800170898438
2021-12-09,147.6385040283203,611.0
2021-12-10,148.00149536132812,611.6599731445312
2021-12-13,145.82650756835938,604.5599975585938
2021-12-14,143.90699768066406,597.989990234375
2021-12-15,146.4409942626953,605.0399780273438
2021-12-16,144.44500732421875,591.0599975585938
2021-12-17,141.72500610351562,586.72998046875
2021-12-20,141.60699462890625,593.739990234375
2021-12-21,143.47250366210938,604.9199829101562
2021-12-22,146.4149932861328,614.239990234375
2021-12-23,146.91650390625,614.0900268554688
2021-12-27,147.906494140625,613.1199951171875
2021-12-28,146.68699645996094,610.7100219726562
2021-12-29,146.65499877929688,610.5399780273438
2021-12-30,146.20050048828125,612.0900268554688
2021-12-31,144.8520050048828,602.4400024414062
2022-01-03,144.9915008544922,597.3699951171875
2022-01-04,144.39950561523438,591.1500244140625
2022-01-05,137.77499389648438,567.52001953125
2022-01-06,137.74749755859375,553.2899780273438
2022-01-07,137.01699829101562,541.0599975585938
2022-01-10,138.66949462890625,539.8499755859375
2022-01-11,139.73599243164062,540.8400268554688
2022-01-12,141.4304962158203,537.219970703125
2022-01-13,138.58700561523438,519.2000122070312
2022-01-14,139.48049926757812,525.6900024414062
2022-01-18,135.9980010986328,510.79998779296875
2022-01-19,135.1165008544922,515.8599853515625
2022-01-20,133.3074951171875,508.25
2022-01-21,130.35150146484375,397.5
2022-01-24,130.8040008544922,387.1499938964844
2022-01-25,126.93499755859375,366.4200134277344
2022-01-26,129.23300170898438,359.70001220703125
2022-01-27,129.0050048828125,386.70001220703125
2022-01-28,133.3509979248047,384.3599853515625
2022-01-31,135.30349731445312,427.1400146484375
2022-02-01,137.6439971923828,457.1300048828125
2022-02-02,148.0,429.4800109863281
2022-02-03,143.08999633789062,405.6000061035156
2022-02-04,143.29299926757812,410.1700134277344
2022-02-07,139.2010040283203,402.1000061035156
2022-02-08,139.3990020751953,403.5299987792969
2022-02-09,141.5919952392578,412.8900146484375
2022-02-10,138.6199951171875,406.2699890136719
2022-02-11,134.28250122070312,391.30999755859375
2022-02-14,135.5260009765625,396.57000732421875
2022-02-15,136.60850524902344,407.4599914550781
2022-02-16,137.73800659179688,398.0799865722656
2022-02-17,132.53900146484375,386.6700134277344
2022-02-18,130.4029998779297,391.2900085449219
2022-02-22,129.81350708007812,377.3800048828125
2022-02-23,127.58799743652344,367.4599914550781
2022-02-24,132.6909942626953,390.0299987792969
2022-02-25,134.45950317382812,390.79998779296875
2022-02-28,135.0570068359375,394.5199890136719
2022-03-01,134.06149291992188,386.239990234375
2022-03-02,134.57150268554688,380.0299987792969
2022-03-03,133.89950561523438,368.07000732421875
2022-03-04,131.906494140625,361.7300109863281
2022-03-07,126.37850189208984,350.260009765625
2022-03-08,127.10449981689453,341.760009765625
2022-03-09,133.4199981689453,358.7900085449219
2022-03-10,132.42950439453125,356.7699890136719
2022-03-11,129.87049865722656,340.32000732421875
2022-03-14,125.95099639892578,331.010009765625
2022-03-15,129.197998046875,343.75
2022-03-16,133.28050231933594,357.5299987792969
2022-03-17,133.83900451660156,371.3999938964844
2022-03-18,136.12550354003906,380.6000061035156
2022-03-21,136.10150146484375,374.5899963378906
2022-03-22,139.8679962158203,382.9200134277344
2022-03-23,138.27549743652344,374.489990234375
2022-03-24,141.57200622558594,375.7099914550781
2022-03-25,141.67300415039062,373.8500061035156
2022-03-28,141.45550537109375,378.510009765625
2022-03-29,142.5054931640625,391.82000732421875
2022-03-30,141.93850708007812,381.4700012207031
2022-03-31,139.0675048828125,374.5899963378906
2022-04-01,140.15049743652344,373.4700012207031
2022-04-04,142.97149658203125,391.5
2022-04-05,140.59100341796875,380.1499938964844
2022-04-06,136.54800415039062,368.3500061035156
2022-04-07,135.8885040283203,362.1499938964844
2022-04-08,133.28750610351562,355.8800048828125
2022-04-11,128.82350158691406,348.0
2022-04-12,127.7145004272461,344.1000061035156
2022-04-13,129.8939971923828,350.42999267578125
2022-04-14,126.7300033569336,341.1300048828125
2022-04-18,127.67649841308594,337.8599853515625
2022-04-19,130.00900268554688,348.6099853515625
2022-04-20,128.0399932861328,226.19000244140625
2022-04-21,124.81449890136719,218.22000122070312
2022-04-22,119.635498046875,215.52000427246094
2022-04-25,123.0739974975586,209.91000366210938
2022-04-26,118.6500015258789,198.39999389648438
2022-04-27,114.29450225830078,188.5399932861328
2022-04-28,118.52249908447266,199.52000427246094
2022-04-29,114.1094970703125,190.36000061035156
2022-05-02,116.58300018310547,199.4600067138672
2022-05-03,117.33399963378906,199.8699951171875
2022-05-04,122.26100158691406,204.00999450683594
2022-05-05,116.50550079345703,188.32000732421875
2022-05-06,115.74649810791016,180.97000122070312
2022-05-09,112.51100158691406,173.10000610351562
2022-05-10,114.3949966430664,177.66000366210938
2022-05-11,113.60250091552734,166.3699951171875
2022-05-12,112.84400177001953,174.30999755859375
2022-05-13,116.05049896240234,187.63999938964844
2022-05-16,114.44499969482422,186.50999450683594
2022-05-17,116.4729995727539,190.55999755859375
2022-05-18,111.89949798583984,177.19000244140625
2022-05-19,110.38400268554688,183.47999572753906
2022-05-20,108.90799713134766,186.35000610351562
2022-05-23,111.48799896240234,187.44000244140625
2022-05-24,105.97000122070312,180.33999633789062
2022-05-25,105.80500030517578,187.8300018310547
2022-05-26,107.7925033569336,191.39999389648438
2022-05-27,112.31649780273438,195.19000244140625
2022-05-31,113.76200103759766,197.44000244140625
2022-06-01,113.89199829101562,192.91000366210938
2022-06-02,117.62249755859375,205.08999633789062
2022-06-03,114.54100036621094,198.97999572753906
2022-06-06,116.82050323486328,197.13999938964844
2022-06-07,117.14949798583984,198.61000061035156
2022-06-08,117.19400024414062,202.8300018310547
2022-06-09,114.83550262451172,192.77000427246094
2022-06-10,111.1614990234375,182.94000244140625
2022-06-13,106.39250183105469,169.69000244140625
2022-06-14,106.71549987792969,167.5399932861328
2022-06-15,109.7645034790039,180.11000061035156
2022-06-16,106.03350067138672,173.35000610351562
2022-06-17,107.14350128173828,175.50999450683594
2022-06-21,111.54399871826172,170.91000366210938
2022-06-22,111.48750305175781,178.88999938964844
2022-06-23,112.24199676513672,181.7100067138672
2022-06-24,117.9749984741211,190.85000610351562
2022-06-27,115.83350372314453,189.13999938964844
2022-06-28,112.00749969482422,179.60000610351562
2022-06-29,111.70149993896484,178.36000061035156
2022-06-30,108.96299743652344,174.8699951171875
2022-07-01,108.73750305175781,179.9499969482422
2022-07-05,113.26300048828125,185.8800048828125
2022-07-06,114.5719985961914,184.05999755859375
2022-07-07,118.78299713134766,189.27000427246094
2022-07-08,119.35350036621094,186.97999572753906
2022-07-11,115.67649841308594,177.33999633789062
2022-07-12,114.02050018310547,174.4499969482422
2022-07-13,111.35350036621094,176.55999755859375
2022-07-14,110.36750030517578,174.77999877929688
2022-07-15,111.77749633789062,189.11000061035156
2022-07-18,109.02999877929688,190.9199981689453
2022-07-19,113.80999755859375,201.6300048828125
2022-07-20,113.9000015258789,216.44000244140625
2022-07-21,114.33999633789062,223.8800048828125
2022-07-22,107.9000015258789,220.44000244140625
2022-07-25,107.51000213623047,218.50999450683594
2022-07-26,105.0199966430664,213.91000366210938
2022-07-27,113.05999755859375,226.75
2022-07-28,114.22000122070312,226.02000427246094
2022-07-29,116.31999969482422,224.89999389648438
2022-08-01,114.86000061035156,226.2100067138672
2022-08-02,115.12999725341797,221.4199981689453
2022-08-03,118.08000183105469,226.72999572753906
2022-08-04,118.19000244140625,229.91000366210938
2022-08-05,117.47000122070312,226.77999877929688
2022-08-08,117.30000305175781,233.49000549316406
2022-08-09,116.62999725341797,229.94000244140625
2022-08-10,119.69999694824219,244.11000061035156
2022-08-11,118.83999633789062,242.6999969482422
2022-08-12,121.68000030517578,249.3000030517578
2022-08-15,122.08000183105469,249.11000061035156
2022-08-16,121.69999694824219,245.69000244140625
2022-08-17,119.55000305175781,241.14999389648438
2022-08-18,120.16999816894531,245.1699981689453
2022-08-19,117.20999908447266,241.16000366210938
2022-08-22,114.23999786376953,226.5399932861328
2022-08-23,113.86000061035156,224.5500030517578
2022-08-24,113.69000244140625,229.61000061035156
2022-08-25,116.6500015258789,233.97999572753906
2022-08-26,110.33999633789062,223.27999877929688
2022-08-29,109.41999816894531,224.57000732421875
2022-08-30,108.94000244140625,220.64999389648438
2022-08-31,108.22000122070312,223.55999755859375
2022-09-01,109.73999786376953,230.0399932861328
2022-09-02,107.8499984741211,226.11000061035156
2022-09-06,106.80999755859375,218.38999938964844
2022-09-07,109.44999694824219,228.9600067138672
2022-09-08,108.37999725341797,227.44000244140625
2022-09-09,110.6500015258789,233.57000732421875
2022-09-12,110.86000061035156,236.52999877929688
2022-09-13,104.31999969482422,218.1300048828125
2022-09-14,105.0,224.1199951171875
2022-09-15,102.91000366210938,235.3800048828125
2022-09-16,102.80000305175781,240.1300048828125
2022-09-19,103.06999969482422,243.6300048828125
2022-09-20,101.13999938964844,242.85000610351562
2022-09-21,99.27999877929688,236.8699951171875
2022-09-22,100.13999938964844,237.0500030517578
2022-09-23,98.73999786376953,226.41000366210938
2022-09-26,98.16999816894531,224.07000732421875
2022-09-27,97.5,224.36000061035156
2022-09-28,100.05000305175781,245.1999969482422
2022-09-29,97.41999816894531,239.7100067138672
2022-09-30,95.6500015258789,235.44000244140625
2022-10-03,98.63999938964844,239.0399932861328
2022-10-04,101.63999938964844,240.74000549316406
2022-10-05,101.43000030517578,236.72999572753906
2022-10-06,101.41999816894531,240.02000427246094
2022-10-07,98.68000030517578,224.75
2022-10-10,97.86000061035156,229.97999572753906
2022-10-11,97.18000030517578,214.2899932861328
2022-10-12,97.55999755859375,220.8699951171875
2022-10-13,99.05999755859375,232.50999450683594
2022-10-14,96.55999755859375,230.0
2022-10-17,99.97000122070312,245.10000610351562
2022-10-18,100.7699966430664,240.86000061035156
2022-10-19,99.62999725341797,272.3800048828125
2022-10-20,99.97000122070312,268.1600036621094
2022-10-21,101.12999725341797,289.57000732421875
2022-10-24,102.5199966430664,282.45001220703125
2022-10-25,104.4800033569336,291.0199890136719
2022-10-26,94.93000030517578,298.6199951171875
2022-10-27,92.22000122070312,296.94000244140625
2022-10-28,96.29000091552734,295.7200012207031
2022-10-31,94.51000213623047,291.8800048828125
2022-11-01,90.47000122070312,286.75
2022-11-02,86.97000122070312,273.0
2022-11-03,83.43000030517578,269.05999755859375
2022-11-04,86.58000183105469,260.7900085449219
2022-11-07,88.48999786376953,258.6000061035156
2022-11-08,88.9000015258789,263.4599914550781
2022-11-09,87.31999969482422,254.66000366210938
2022-11-10,93.94000244140625,274.9700012207031
2022-11-11,96.41000366210938,290.1300048828125
2022-11-14,95.69999694824219,299.2699890136719
2022-11-15,98.44000244140625,310.20001220703125
2022-11-16,98.8499984741211,306.0199890136719
2022-11-17,98.36000061035156,295.2799987792969
2022-11-18,97.43000030517578,287.9800109863281
2022-11-21,95.5999984741211,285.04998779296875
2022-11-22,97.05000305175781,286.69000244140625
2022-11-23,98.45999908447266,291.5
2022-11-25,97.45999908447266,285.5400085449219
2022-11-28,96.05000305175781,281.1700134277344
2022-11-29,95.19000244140625,280.9599914550781
2022-11-30,100.98999786376953,305.5299987792969
2022-12-01,100.98999786376953,316.95001220703125
2022-12-02,100.44000244140625,320.4100036621094
2022-12-05,99.4800033569336,312.5899963378906
2022-12-06,96.9800033569336,305.55999755859375
2022-12-07,94.94000244140625,308.4200134277344
2022-12-08,93.70999908447266,310.260009765625
2022-12-09,92.83000183105469,320.010009765625
2022-12-12,93.30999755859375,315.17999267578125
2022-12-13,95.62999725341797,320.3399963378906
2022-12-14,95.06999969482422,317.8299865722656
2022-12-15,90.86000061035156,290.4100036621094
2022-12-16,90.26000213623047,290.7099914550781
2022-12-19,88.44000244140625,288.29998779296875
2022-12-20,89.0199966430664,288.19000244140625
2022-12-21,89.58000183105469,297.9599914550781
2022-12-22,87.76000213623047,297.75
2022-12-23,89.2300033569336,294.9599914550781
2022-12-27,87.38999938964844,284.1700134277344
2022-12-28,86.0199966430664,276.8800048828125
2022-12-29,88.44999694824219,291.1199951171875
2022-12-30,88.2300033569336,294.8800048828125
2023-01-03,89.12000274658203,294.95001220703125
2023-01-04,88.08000183105469,309.4100036621094
2023-01-05,86.19999694824219,309.70001220703125
2023-01-06,87.33999633789062,315.54998779296875
2023-01-09,88.0199966430664,315.1700134277344
2023-01-10,88.41999816894531,327.5400085449219
2023-01-11,91.5199966430664,327.260009765625
2023-01-12,91.12999725341797,330.1300048828125
2023-01-13,92.12000274658203,332.82000732421875
2023-01-17,91.29000091552734,326.2200012207031
2023-01-18,91.12000274658203,326.3299865722656
2023-01-19,93.05000305175781,315.7799987792969
2023-01-20,98.0199966430664,342.5
2023-01-23,99.79000091552734,357.4200134277344
2023-01-24,97.69999694824219,363.8299865722656
2023-01-25,95.22000122070312,367.9599914550781
2023-01-26,97.5199966430664,364.8699951171875
2023-01-27,99.37000274658203,360.7699890136719
2023-01-30,96.94000244140625,353.1099853515625
2023-01-31,98.83999633789062,353.8599853515625
2023-02-01,100.43000030517578,361.989990234375
2023-02-02,107.73999786376953,366.8900146484375
2023-02-03,104.77999877929688,365.8999938964844
2023-02-06,102.9000015258789,361.4800109863281
2023-02-07,107.63999938964844,362.95001220703125
2023-02-08,99.37000274658203,366.8299865722656
2023-02-09,95.01000213623047,362.5
2023-02-10,94.56999969482422,347.3599853515625
2023-02-13,94.61000061035156,358.57000732421875
2023-02-14,94.68000030517578,359.9599914550781
2023-02-15,96.94000244140625,361.4200134277344
2023-02-16,95.51000213623047,350.7099914550781
2023-02-17,94.3499984741211,347.9599914550781
2023-02-21,91.79000091552734,337.5
2023-02-22,91.6500015258789,334.8800048828125
2023-02-23,90.88999938964844,323.6499938964844
2023-02-24,89.12999725341797,317.1499938964844
2023-02-27,89.87000274658203,323.0299987792969
2023-02-28,90.05999755859375,322.1300048828125
2023-03-01,90.36000061035156,313.4800109863281
2023-03-02,92.0,311.8800048828125
2023-03-03,93.6500015258789,315.17999267578125
2023-03-06,95.12999725341797,312.0299987792969
2023-03-07,93.86000061035156,308.4700012207031
2023-03-08,94.25,311.7900085449219
2023-03-09,92.31999969482422,297.7799987792969
2023-03-10,90.62999725341797,292.760009765625
2023-03-13,91.11000061035156,293.510009765625
2023-03-14,93.97000122070312,294.94000244140625
2023-03-15,96.11000061035156,303.7900085449219
2023-03-16,100.31999969482422,310.05999755859375
2023-03-17,101.62000274658203,303.5
2023-03-20,101.22000122070312,305.1300048828125
2023-03-21,104.91999816894531,305.7900085449219
2023-03-22,103.37000274658203,293.8999938964844
2023-03-23,105.5999984741211,320.3699951171875
2023-03-24,105.44000244140625,328.3900146484375
2023-03-27,102.45999908447266,327.6600036621094
2023-03-28,101.02999877929688,323.5199890136719
2023-03-29,101.38999938964844,332.0299987792969
2023-03-30,100.88999938964844,338.42999267578125
2023-03-31,103.7300033569336,345.4800109863281
2023-04-03,104.36000061035156,348.2799987792969
2023-04-04,104.72000122070312,346.75
2023-04-05,104.47000122070312,342.3500061035156
2023-04-06,108.41999816894531,339.3299865722656
2023-04-10,106.44000244140625,338.989990234375
2023-04-11,105.3499984741211,338.2099914550781
2023-04-12,104.63999938964844,331.0299987792969
2023-04-13,107.43000030517578,346.19000244140625
2023-04-14,108.87000274658203,338.6300048828125
2023-04-17,105.97000122070312,332.7200012207031
2023-04-18,104.5,333.70001220703125
2023-04-19,104.18000030517578,323.1199951171875
2023-04-20,105.29000091552734,325.3500061035156
2023-04-21,105.41000366210938,327.9800109863281
2023-04-24,105.97000122070312,329.0199890136719
2023-04-25,103.8499984741211,322.54998779296875
2023-04-26,103.70999908447266,321.1499938964844
2023-04-27,107.58999633789062,325.8500061035156
2023-04-28,107.33999633789062,329.92999267578125
2023-05-01,107.19999694824219,324.1199951171875
2023-05-02,105.31999969482422,317.54998779296875
2023-05-03,105.41000366210938,319.29998779296875
2023-05-04,104.69000244140625,320.7799987792969
2023-05-05,105.56999969482422,322.760009765625
2023-05-08,107.7699966430664,331.2099914550781
2023-05-09,107.3499984741211,332.1400146484375
2023-05-10,111.75,335.4200134277344
2023-05-11,116.56999969482422,344.760009765625
2023-05-12,117.51000213623047,339.8900146484375
2023-05-15,116.51000213623047,335.8900146484375
2023-05-16,119.51000213623047,333.75
2023-05-17,120.83999633789062,339.9599914550781
2023-05-18,122.83000183105469,371.2900085449219
2023-05-19,122.76000213623047,365.3599853515625
2023-05-22,125.05000305175781,363.010009765625
2023-05-23,122.55999755859375,355.989990234375
2023-05-24,120.9000015258789,364.8500061035156
2023-05-25,123.4800033569336,359.0
2023-05-26,124.61000061035156,378.8800048828125
2023-05-30,123.66999816894531,392.9800109863281
2023-05-31,122.87000274658203,395.2300109863281
2023-06-01,123.72000122070312,403.1300048828125
2023-06-02,124.66999816894531,400.4700012207031
2023-06-05,126.01000213623047,403.5400085449219
2023-06-06,127.30999755859375,399.2900085449219
2023-06-07,122.5,399.7699890136719
2023-06-08,122.13999938964844,409.3699951171875
2023-06-09,122.2300033569336,420.0199890136719
2023-06-12,123.63999938964844,423.9700012207031
2023-06-13,123.83000183105469,435.7300109863281
2023-06-14,123.66999816894531,440.8599853515625
2023-06-15,125.08999633789062,445.2699890136719
2023-06-16,123.52999877929688,431.9599914550781
2023-06-20,123.0999984741211,434.70001220703125
2023-06-21,120.55000305175781,424.45001220703125
2023-06-22,123.1500015258789,422.4800109863281
2023-06-23,122.33999633789062,424.0199890136719
2023-06-26,118.33999633789062,415.94000244140625
2023-06-27,118.33000183105469,417.0799865722656
2023-06-28,120.18000030517578,429.8399963378906
2023-06-29,119.0999984741211,428.239990234375
2023-06-30,119.69999694824219,440.489990234375
2023-07-03,119.9000015258789,441.44000244140625
2023-07-05,121.75,445.8999938964844
2023-07-06,120.11000061035156,438.8399963378906
2023-07-07,119.4800033569336,438.1000061035156
2023-07-10,116.44999694824219,441.7099914550781
2023-07-11,117.13999938964844,440.2099914550781
2023-07-12,118.93000030517578,444.04998779296875
2023-07-13,124.54000091552734,450.3800048828125
2023-07-14,125.41999816894531,441.9100036621094
2023-07-17,124.6500015258789,450.04998779296875
2023-07-18,123.76000213623047,474.79998779296875
2023-07-19,122.02999877929688,477.5899963378906
2023-07-20,119.19999694824219,437.4200134277344
2023-07-21,120.0199966430664,427.5
2023-07-24,121.52999877929688,428.3699951171875
2023-07-25,122.20999908447266,427.70001220703125
2023-07-26,129.27000427246094,422.6700134277344
2023-07-27,129.39999389648438,413.1700134277344
2023-07-28,132.5800018310547,425.7799987792969
2023-07-31,132.72000122070312,438.9700012207031
2023-08-01,131.5500030517578,438.6199951171875
2023-08-02,128.3800048828125,429.70001220703125
2023-08-03,128.4499969482422,431.0
2023-08-04,128.11000061035156,431.6000061035156
2023-08-07,131.52999877929688,440.760009765625
2023-08-08,131.39999389648438,438.29998779296875
2023-08-09,129.66000366210938,428.8999938964844
2023-08-10,129.69000244140625,429.9800109863281
2023-08-11,129.55999755859375,421.6600036621094
2023-08-14,131.3300018310547,427.7799987792969
2023-08-15,129.77999877929688,423.70001220703125
2023-08-16,128.6999969482422,415.45001220703125
2023-08-17,129.9199981689453,403.0
2023-08-18,127.45999908447266,404.5299987792969
2023-08-21,128.3699951171875,408.2900085449219
2023-08-22,129.0800018310547,413.1700134277344
2023-08-23,132.3699951171875,427.54998779296875
2023-08-24,129.77999877929688,406.92999267578125
2023-08-25,129.8800048828125,416.0299987792969
2023-08-28,131.00999450683594,418.05999755859375
2023-08-29,134.57000732421875,429.989990234375
2023-08-30,135.8800048828125,434.6700134277344
2023-08-31,136.1699981689453,433.67999267578125
2023-09-01,135.66000366210938,439.8800048828125
2023-09-05,135.77000427246094,448.67999267578125
2023-09-06,134.4600067138672,445.760009765625
2023-09-07,135.25999450683594,443.1400146484375
2023-09-08,136.3800048828125,442.79998779296875
2023-09-11,136.9199981689453,445.3599853515625
2023-09-12,135.33999633789062,434.69000244140625
2023-09-13,136.7100067138672,412.239990234375
2023-09-14,138.10000610351562,400.489990234375
2023-09-15,137.39999389648438,396.94000244140625
2023-09-18,138.2100067138672,394.3999938964844
2023-09-19,138.0399932861328,396.20001220703125
2023-09-20,133.74000549316406,386.29998779296875
2023-09-21,130.44000244140625,384.1499938964844
2023-09-22,130.25,379.80999755859375
2023-09-25,131.11000061035156,384.79998779296875
2023-09-26,128.57000732421875,379.25
2023-09-27,130.5399932861328,377.5899963378906
2023-09-28,132.30999755859375,376.3599853515625
2023-09-29,130.86000061035156,377.6000061035156
2023-10-02,134.1699981689453,380.3299865722656
2023-10-03,132.42999267578125,376.75
2023-10-04,135.24000549316406,376.8999938964844
2023-10-05,135.07000732421875,372.5899963378906
2023-10-06,137.5800018310547,381.510009765625
2023-10-09,138.4199981689453,385.95001220703125
2023-10-10,138.05999755859375,373.32000732421875
2023-10-11,140.5500030517578,365.92999267578125
2023-10-12,138.97000122070312,361.20001220703125
2023-10-13,137.36000061035156,355.67999267578125
2023-10-16,139.10000610351562,360.82000732421875
2023-10-17,139.72000122070312,355.7200012207031
2023-10-18,137.9600067138672,346.19000244140625
2023-10-19,137.75,401.7699890136719
2023-10-20,135.60000610351562,400.9599914550781
2023-10-23,136.5,406.8399963378906
2023-10-24,138.80999755859375,413.7300109863281
2023-10-25,125.61000061035156,411.25
2023-10-26,122.27999877929688,403.5400085449219
2023-10-27,122.16999816894531,397.8699951171875
2023-10-30,124.45999908447266,410.0799865722656
2023-10-31,124.08000183105469,411.69000244140625
2023-11-01,126.44999694824219,420.19000244140625
2023-11-02,127.48999786376953,424.7099914550781
2023-11-03,129.10000610351562,432.3599853515625
2023-11-06,130.25,434.739990234375
2023-11-07,130.97000122070312,434.6099853515625
2023-11-08,131.83999633789062,436.6499938964844
2023-11-09,130.24000549316406,435.1499938964844
2023-11-10,132.58999633789062,447.239990234375
2023-11-13,132.08999633789062,444.6199951171875
2023-11-14,133.6199951171875,448.6499938964844
2023-11-15,134.6199951171875,461.94000244140625
2023-11-16,136.92999267578125,466.95001220703125
2023-11-17,135.30999755859375,465.9100036621094
2023-11-20,136.25,474.4700012207031
2023-11-21,136.97000122070312,474.95001220703125
2023-11-22,138.49000549316406,478.0
2023-11-24,136.69000244140625,479.55999755859375
2023-11-27,136.41000366210938,479.1700134277344
